SL-NVL:H7YY3DRX3230725:H7YY3DRX3:2:2101:10384:13589,index1,100.00,12,0,0,7,18,7,18,2e-04,23.8
SL-NVL:H7YY3DRX3230725:H7YY3DRX3:2:2101:10511:27054,index1,100.00,10,0,0,39,48,10,19,0.002,19.9
SL-NVL:H7YY3DRX3230725:H7YY3DRX3:2:2101:10746:13714,TruSeq,100.00,10,0,0,24,33,6,15,0.002,19.9
SL-NVL:H7YY3DRX3230725:H7YY3DRX3:2:2101:11342:14215,index1,100.00,12,0,0,7,18,7,18,2e-04,23.8
SL-NVL:H7YY3DRX3230725:H7YY3DRX3:2:2101:12382:26412,index1,100.00,10,0,0,4,13,10,19,0.002,19.9
SL-NVL:H7YY3DRX3230725:H7YY3DRX3:2:2101:12382:26443,index1,100.00,10,0,0,4,13,10,19,0.002,19.9
SL-NVL:H7YY3DRX3230725:H7YY3DRX3:2:2101:12463:35258,index1,100.00,10,0,0,27,36,13,22,0.002,19.9
SL-NVL:H7YY3DRX3230725:H7YY3DRX3:2:2101:12491:16579,index1,100.00,13,0,0,7,19,7,19,4e-05,25.7
SL-NVL:H7YY3DRX3230725:H7YY3DRX3:2:2101:12536:1532,index1,100.00,10,0,0,35,44,10,19,0.002,19.9
SL-NVL:H7YY3DRX3230725:H7YY3DRX3:2:2101:12943:22654,index1,100.00,11,0,0,40,50,7,17,6e-04,21.8
SL-NVX:H5HHKDRX3230608:H5HHKDRX3:2:2101:10004:18912,index1,100.00,33,0,0,13,45,1,33,1e-16,64.1
SL-NVX:H5HHKDRX3230608:H5HHKDRX3:2:2101:10013:10473,index1,100.00,33,0,0,10,42,1,33,1e-16,64.1
SL-NVX:H5HHKDRX3230608:H5HHKDRX3:2:2101:10022:30937,index1,100.00,33,0,0,11,43,1,33,1e-16,64.1
SL-NVX:H5HHKDRX3230608:H5HHKDRX3:2:2101:10031:17550,index1,100.00,33,0,0,13,45,1,33,1e-16,64.1
SL-NVX:H5HHKDRX3230608:H5HHKDRX3:2:2101:10041:9079,index1,100.00,33,0,0,10,42,1,33,1e-16,64.1
SL-NVX:H5HHKDRX3230608:H5HHKDRX3:2:2101:10050:34554,index1,100.00,33,0,0,13,45,1,33,1e-16,64.1
SL-NVX:H5HHKDRX3230608:H5HHKDRX3:2:2101:10059:18975,index1,100.00,33,0,0,12,44,1,33,1e-16,64.1
SL-NVX:H5HHKDRX3230608:H5HHKDRX3:2:2101:10077:10050,index1,100.00,33,0,0,10,42,1,33,1e-16,64.1
SL-NVX:H5HHKDRX3230608:H5HHKDRX3:2:2101:10077:15593,index1,100.00,33,0,0,10,42,1,33,1e-16,64.1
SL-NVX:H5HHKDRX3230608:H5HHKDRX3:2:2101:10104:14638,index1,100.00,33,0,0,10,42,1,33,1e-16,64.1
SL-NVX:H5HHKDRX3230608:H5HHKDRX3:2:2101:10104:15327,index1,100.00,33,0,0,11,43,1,33,1e-16,64.1
SL-NVX:H5HHKDRX3230608:H5HHKDRX3:2:2101:10113:13902,index1,100.00,33,0,0,13,45,1,33,1e-16,64.1
SL-NVX:H5HHKDRX3230608:H5HHKDRX3:2:2101:10113:14841,index1,100.00,33,0,0,13,45,1,33,1e-16,64.1
SL-NVX:H5HHKDRX3230608:H5HHKDRX3:2:2101:10113:2973,index1,100.00,33,0,0,10,42,1,33,1e-16,64.1
SL-NVX:H5HHKDRX3230608:H5HHKDRX3:2:2101:10131:14935,index1,100.00,33,0,0,10,42,1,33,1e-16,64.1
SL-NVX:H5HHKDRX3230608:H5HHKDRX3:2:2101:10131:9674,index1,100.00,33,0,0,13,45,1,33,1e-16,64.1
SL-NVX:H5HHKDRX3230608:H5HHKDRX3:2:2101:10167:15969,index1,100.00,30,0,0,13,42,1,30,6e-15,58.4
SL-NVX:H5HHKDRX3230608:H5HHKDRX3:2:2101:10185:16125,index1,100.00,33,0,0,12,44,1,33,1e-16,64.1
SL-NVX:H5HHKDRX3230608:H5HHKDRX3:2:2101:10194:17926,index1,100.00,33,0,0,10,42,1,33,1e-16,64.1
SL-NVX:H5HHKDRX3230608:H5HHKDRX3:2:2101:10203:14278,index1,100.00,33,0,0,12,44,1,33,1e-16,64.1
SL-NVX:H5HHKDRX3230608:H5HHKDRX3:2:2101:10212:2613,index1,100.00,33,0,0,13,45,1,33,1e-16,64.1
SL-NVX:H5HHKDRX3230608:H5HHKDRX3:2:2101:10230:4711,index1,100.00,33,0,0,13,45,1,33,1e-16,64.1
SL-NVX:H5HHKDRX3230608:H5HHKDRX3:2:2101:10239:19351,index1,100.00,33,0,0,11,43,1,33,1e-16,64.1
SL-NVX:H5HHKDRX3230608:H5HHKDRX3:2:2101:10248:23813,index1,100.00,33,0,0,13,45,1,33,1e-16,64.1
SL-NVX:H5HHKDRX3230608:H5HHKDRX3:2:2101:10248:8437,index1,100.00,33,0,0,13,45,1,33,1e-16,64.1
SL-NVX:H5HHKDRX3230608:H5HHKDRX3:2:2101:10267:1673,index1,100.00,33,0,0,13,45,1,33,1e-16,64.1
SL-NVX:H5HHKDRX3230608:H5HHKDRX3:2:2101:10276:3223,index1,100.00,33,0,0,13,45,1,33,1e-16,64.1
SL-NVX:H5HHKDRX3230608:H5HHKDRX3:2:2101:10294:2378,index1,100.00,33,0,0,10,42,1,33,1e-16,64.1
SL-NVX:H5HHKDRX3230608:H5HHKDRX3:2:2101:10294:8484,index1,100.00,33,0,0,13,45,1,33,1e-16,64.1
SL-NVX:H5HHKDRX3230608:H5HHKDRX3:2:2101:10312:9612,index1,100.00,33,0,0,10,42,1,33,1e-16,64.1
SL-NVX:H5HHKDRX3230608:H5HHKDRX3:2:2101:10321:19304,index1,100.00,33,0,0,14,46,1,33,1e-16,64.1
SL-NVX:H5HHKDRX3230608:H5HHKDRX3:2:2101:10330:12493,index1,100.00,31,0,0,15,45,3,33,2e-15,60.3
SL-NVX:H5HHKDRX3230608:H5HHKDRX3:2:2101:10330:21731,index1,100.00,33,0,0,13,45,1,33,1e-16,64.1
SL-NVX:H5HHKDRX3230608:H5HHKDRX3:2:2101:10330:30812,index1,100.00,33,0,0,11,43,1,33,1e-16,64.1
SL-NVX:H5HHKDRX3230608:H5HHKDRX3:2:2101:10330:8484,index1,100.00,33,0,0,12,44,1,33,1e-16,64.1
SL-NVX:H5HHKDRX3230608:H5HHKDRX3:2:2101:10366:10645,index1,100.00,33,0,0,11,43,1,33,1e-16,64.1
SL-NVX:H5HHKDRX3230608:H5HHKDRX3:2:2101:10375:14732,index1,100.00,33,0,0,10,42,1,33,1e-16,64.1
SL-NVX:H5HHKDRX3230608:H5HHKDRX3:2:2101:10384:31657,index1,100.00,33,0,0,11,43,1,33,1e-16,64.1
SL-NVX:H5HHKDRX3230608:H5HHKDRX3:2:2101:10402:33567,index1,100.00,33,0,0,10,42,1,33,1e-16,64.1
SL-NVX:H5HHKDRX3230608:H5HHKDRX3:2:2101:10429:2581,index1,100.00,33,0,0,13,45,1,33,1e-16,64.1
SL-NVX:H5HHKDRX3230608:H5HHKDRX3:2:2101:10474:15029,index1,100.00,33,0,0,10,42,1,33,1e-16,64.1
SL-NVX:H5HHKDRX3230608:H5HHKDRX3:2:2101:10493:11678,index1,100.00,33,0,0,12,44,1,33,1e-16,64.1
SL-NVX:H5HHKDRX3230608:H5HHKDRX3:2:2101:10493:35509,index1,100.00,33,0,0,10,42,1,33,1e-16,64.1
SL-NVX:H5HHKDRX3230608:H5HHKDRX3:2:2101:10520:12195,index1,100.00,33,0,0,10,42,1,33,1e-16,64.1
SL-NVX:H5HHKDRX3230608:H5HHKDRX3:2:2101:10529:1470,index1,100.00,33,0,0,13,45,1,33,1e-16,64.1
SL-NVX:H5HHKDRX3230608:H5HHKDRX3:2:2101:10547:8422,index1,100.00,33,0,0,13,45,1,33,1e-16,64.1
SL-NVX:H5HHKDRX3230608:H5HHKDRX3:2:2101:10547:8891,index1,100.00,33,0,0,10,42,1,33,1e-16,64.1
SL-NVX:H5HHKDRX3230608:H5HHKDRX3:2:2101:10583:35916,index1,100.00,33,0,0,13,45,1,33,1e-16,64.1
SL-NVX:H5HHKDRX3230608:H5HHKDRX3:2:2101:10583:8891,index1,100.00,33,0,0,10,42,1,33,1e-16,64.1
SL-NVX:H5HHKDRX3230608:H5HHKDRX3:2:2101:10592:10379,index1,100.00,33,0,0,10,42,1,33,1e-16,64.1
SL-NVX:H5HHKDRX3230608:H5HHKDRX3:2:2101:10592:25598,index1,100.00,33,0,0,10,42,1,33,1e-16,64.1
SL-NVX:H5HHKDRX3230608:H5HHKDRX3:2:2101:10592:33113,index1,100.00,33,0,0,13,45,1,33,1e-16,64.1
SL-NVX:H5HHKDRX3230608:H5HHKDRX3:2:2101:10610:30170,index1,100.00,33,0,0,13,45,1,33,1e-16,64.1
SL-NVX:H5HHKDRX3230608:H5HHKDRX3:2:2101:10628:15013,index1,100.00,33,0,0,13,45,1,33,1e-16,64.1
SL-NVX:H5HHKDRX3230608:H5HHKDRX3:2:2101:10628:18865,index1,100.00,23,0,0,25,47,1,23,6e-11,44.9
SL-NVX:H5HHKDRX3230608:H5HHKDRX3:2:2101:10628:26412,index1,100.00,33,0,0,11,43,1,33,1e-16,64.1
SL-NVX:H5HHKDRX3230608:H5HHKDRX3:2:2101:10637:1157,index1,100.00,33,0,0,10,42,1,33,1e-16,64.1
SL-NVX:H5HHKDRX3230608:H5HHKDRX3:2:2101:10655:3129,index1,100.00,33,0,0,10,42,1,33,1e-16,64.1
SL-NVX:H5HHKDRX3230608:H5HHKDRX3:2:2101:10673:15624,index1,100.00,33,0,0,10,42,1,33,1e-16,64.1
SL-NVX:H5HHKDRX3230608:H5HHKDRX3:2:2101:10673:23422,index1,100.00,33,0,0,10,42,1,33,1e-16,64.1
SL-NVX:H5HHKDRX3230608:H5HHKDRX3:2:2101:10682:27132,index1,100.00,33,0,0,10,42,1,33,1e-16,64.1
SL-NVX:H5HHKDRX3230608:H5HHKDRX3:2:2101:10700:17644,index1,100.00,33,0,0,13,45,1,33,1e-16,64.1
SL-NVX:H5HHKDRX3230608:H5HHKDRX3:2:2101:10700:24659,index1,100.00,33,0,0,10,42,1,33,1e-16,64.1
SL-NVX:H5HHKDRX3230608:H5HHKDRX3:2:2101:10710:13088,index1,96.97,33,1,0,10,42,1,33,6e-15,58.4
SL-NVX:H5HHKDRX3230608:H5HHKDRX3:2:2101:10737:17613,index1,100.00,33,0,0,10,42,1,33,1e-16,64.1
SL-NVX:H5HHKDRX3230608:H5HHKDRX3:2:2101:10737:34366,index1,100.00,33,0,0,10,42,1,33,1e-16,64.1
SL-NVX:H5HHKDRX3230608:H5HHKDRX3:2:2101:10746:9424,index1,100.00,33,0,0,13,45,1,33,1e-16,64.1
SL-NVX:H5HHKDRX3230608:H5HHKDRX3:2:2101:10755:17675,index1,100.00,33,0,0,13,45,1,33,1e-16,64.1
SL-NVX:H5HHKDRX3230608:H5HHKDRX3:2:2101:10764:18850,index1,100.00,23,0,0,28,50,1,23,7e-11,44.9
SL-NVX:H5HHKDRX3230608:H5HHKDRX3:2:2101:10764:29215,index1,100.00,33,0,0,12,44,1,33,1e-16,64.1
SL-NVX:H5HHKDRX3230608:H5HHKDRX3:2:2101:10773:18584,index1,100.00,33,0,0,13,45,1,33,1e-16,64.1
SL-NVX:H5HHKDRX3230608:H5HHKDRX3:2:2101:10782:20917,index1,100.00,33,0,0,12,44,1,33,1e-16,64.1
SL-NVX:H5HHKDRX3230608:H5HHKDRX3:2:2101:10800:25081,index1,100.00,33,0,0,11,43,1,33,1e-16,64.1
SL-NVX:H5HHKDRX3230608:H5HHKDRX3:2:2101:10809:3521,index1,100.00,33,0,0,12,44,1,33,1e-16,64.1
SL-NVX:H5HHKDRX3230608:H5HHKDRX3:2:2101:10827:3615,index1,100.00,33,0,0,10,42,1,33,1e-16,64.1
SL-NVX:H5HHKDRX3230608:H5HHKDRX3:2:2101:10845:1204,index1,100.00,33,0,0,10,42,1,33,1e-16,64.1
SL-NVX:H5HHKDRX3230608:H5HHKDRX3:2:2101:10854:28557,index1,100.00,33,0,0,13,45,1,33,1e-16,64.1
SL-NVX:H5HHKDRX3230608:H5HHKDRX3:2:2101:10863:35462,index1,100.00,33,0,0,13,45,1,33,1e-16,64.1
SL-NVX:H5HHKDRX3230608:H5HHKDRX3:2:2101:10863:5556,index1,100.00,33,0,0,10,42,1,33,1e-16,64.1
SL-NVX:H5HHKDRX3230608:H5HHKDRX3:2:2101:10872:18035,index1,100.00,33,0,0,13,45,1,33,1e-16,64.1
SL-NVX:H5HHKDRX3230608:H5HHKDRX3:2:2101:10890:18067,index1,100.00,33,0,0,10,42,1,33,1e-16,64.1
SL-NVX:H5HHKDRX3230608:H5HHKDRX3:2:2101:10908:32972,index1,100.00,33,0,0,13,45,1,33,1e-16,64.1
SL-NVX:H5HHKDRX3230608:H5HHKDRX3:2:2101:10926:6511,index1,100.00,33,0,0,13,45,1,33,1e-16,64.1
SL-NVX:H5HHKDRX3230608:H5HHKDRX3:2:2101:10945:21512,index1,100.00,33,0,0,13,45,1,33,1e-16,64.1
SL-NVX:H5HHKDRX3230608:H5HHKDRX3:2:2101:10945:24392,index1,100.00,33,0,0,14,46,1,33,1e-16,64.1
SL-NVX:H5HHKDRX3230608:H5HHKDRX3:2:2101:10945:3881,index1,100.00,33,0,0,13,45,1,33,1e-16,64.1
SL-NVX:H5HHKDRX3230608:H5HHKDRX3:2:2101:10954:23281,index1,100.00,33,0,0,10,42,1,33,1e-16,64.1
SL-NVX:H5HHKDRX3230608:H5HHKDRX3:2:2101:10963:28557,index1,100.00,33,0,0,10,42,1,33,1e-16,64.1
SL-NVX:H5HHKDRX3230608:H5HHKDRX3:2:2101:10972:11381,index1,100.00,33,0,0,10,42,1,33,1e-16,64.1
SL-NVX:H5HHKDRX3230608:H5HHKDRX3:2:2101:10972:22780,index1,100.00,33,0,0,11,43,1,33,1e-16,64.1
SL-NVX:H5HHKDRX3230608:H5HHKDRX3:2:2101:10990:28103,index1,100.00,33,0,0,11,43,1,33,1e-16,64.1
SL-NVX:H5HHKDRX3230608:H5HHKDRX3:2:2101:10999:13964,index1,100.00,11,0,0,37,47,1,11,5e-04,21.8
SL-NVX:H5HHKDRX3230608:H5HHKDRX3:2:2101:11008:11569,index1,100.00,33,0,0,12,44,1,33,1e-16,64.1
SL-NVX:H5HHKDRX3230608:H5HHKDRX3:2:2101:11017:11209,index1,100.00,33,0,0,10,42,1,33,1e-16,64.1
SL-NVX:H5HHKDRX3230608:H5HHKDRX3:2:2101:11026:14356,index1,100.00,33,0,0,14,46,1,33,1e-16,64.1
SL-NVX:H5HHKDRX3230608:H5HHKDRX3:2:2101:11026:22467,index1,100.00,33,0,0,10,42,1,33,1e-16,64.1
SL-NVX:H5HHKDRX3230608:H5HHKDRX3:2:2101:11026:22498,index1,100.00,33,0,0,10,42,1,33,1e-16,64.1
SL-NVX:H5HHKDRX3230608:H5HHKDRX3:2:2101:11035:20541,index1,100.00,33,0,0,13,45,1,33,1e-16,64.1
SL-NVX:H5HHKDRX3230608:H5HHKDRX3:2:2101:11044:2456,index1,100.00,33,0,0,10,42,1,33,1e-16,64.1
SL-NVX:H5HHKDRX3230608:H5HHKDRX3:2:2101:11053:2942,index1,100.00,33,0,0,13,45,1,33,1e-16,64.1
SL-NVX:H5HHKDRX3230608:H5HHKDRX3:2:2101:11053:9079,index1,100.00,33,0,0,10,42,1,33,1e-16,64.1
SL-NVX:H5HHKDRX3230608:H5HHKDRX3:2:2101:11062:36245,index1,100.00,33,0,0,10,42,1,33,1e-16,64.1
SL-NVX:H5HHKDRX3230608:H5HHKDRX3:2:2101:11071:21010,index1,100.00,33,0,0,12,44,1,33,1e-16,64.1
SL-NVX:H5HHKDRX3230608:H5HHKDRX3:2:2101:11071:27962,index1,100.00,33,0,0,12,44,1,33,1e-16,64.1
SL-NVX:H5HHKDRX3230608:H5HHKDRX3:2:2101:11080:18552,index1,100.00,33,0,0,10,42,1,33,1e-16,64.1
SL-NVX:H5HHKDRX3230608:H5HHKDRX3:2:2101:11089:33379,index1,100.00,33,0,0,13,45,1,33,1e-16,64.1
SL-NVX:H5HHKDRX3230608:H5HHKDRX3:2:2101:11098:21872,index1,100.00,33,0,0,13,45,1,33,1e-16,64.1
SL-NVX:H5HHKDRX3230608:H5HHKDRX3:2:2101:11116:33739,index1,96.97,33,1,0,12,44,1,33,6e-15,58.4
SL-NVX:H5HHKDRX3230608:H5HHKDRX3:2:2101:11125:35039,index1,100.00,33,0,0,13,45,1,33,1e-16,64.1
SL-NVX:H5HHKDRX3230608:H5HHKDRX3:2:2101:11134:29481,index1,100.00,33,0,0,11,43,1,33,1e-16,64.1
SL-NVX:H5HHKDRX3230608:H5HHKDRX3:2:2101:11134:30984,index1,100.00,33,0,0,13,45,1,33,1e-16,64.1
SL-NVX:H5HHKDRX3230608:H5HHKDRX3:2:2101:11134:33927,index1,100.00,33,0,0,13,45,1,33,1e-16,64.1
SL-NVX:H5HHKDRX3230608:H5HHKDRX3:2:2101:11153:11569,index1,100.00,33,0,0,13,45,1,33,1e-16,64.1
SL-NVX:H5HHKDRX3230608:H5HHKDRX3:2:2101:11153:36088,index1,100.00,33,0,0,13,45,1,33,1e-16,64.1
SL-NVX:H5HHKDRX3230608:H5HHKDRX3:2:2101:11162:12179,index1,100.00,33,0,0,10,42,1,33,1e-16,64.1
SL-NVX:H5HHKDRX3230608:H5HHKDRX3:2:2101:11171:36558,index1,100.00,33,0,0,10,42,1,33,1e-16,64.1
SL-NVX:H5HHKDRX3230608:H5HHKDRX3:2:2101:11198:30843,index1,100.00,33,0,0,10,42,1,33,1e-16,64.1
SL-NVX:H5HHKDRX3230608:H5HHKDRX3:2:2101:11225:24377,index1,100.00,33,0,0,17,49,1,33,1e-16,64.1
SL-NVX:H5HHKDRX3230608:H5HHKDRX3:2:2101:11234:11866,index1,100.00,33,0,0,12,44,1,33,1e-16,64.1
SL-NVX:H5HHKDRX3230608:H5HHKDRX3:2:2101:11243:14293,index1,100.00,33,0,0,10,42,1,33,1e-16,64.1
SL-NVX:H5HHKDRX3230608:H5HHKDRX3:2:2101:11252:30592,index1,100.00,33,0,0,10,42,1,33,1e-16,64.1
SL-NVX:H5HHKDRX3230608:H5HHKDRX3:2:2101:11252:3098,index1,100.00,33,0,0,13,45,1,33,1e-16,64.1
SL-NVX:H5HHKDRX3230608:H5HHKDRX3:2:2101:11252:7138,index1,100.00,33,0,0,13,45,1,33,1e-16,64.1
SL-NVX:H5HHKDRX3230608:H5HHKDRX3:2:2101:11261:15546,index1,100.00,33,0,0,10,42,1,33,1e-16,64.1
SL-NVX:H5HHKDRX3230608:H5HHKDRX3:2:2101:11261:19085,index1,100.00,33,0,0,10,42,1,33,1e-16,64.1
SL-NVX:H5HHKDRX3230608:H5HHKDRX3:2:2101:11270:35352,index1,100.00,33,0,0,10,42,1,33,1e-16,64.1
SL-NVX:H5HHKDRX3230608:H5HHKDRX3:2:2101:11288:22827,index1,100.00,33,0,0,10,42,1,33,1e-16,64.1
SL-NVX:H5HHKDRX3230608:H5HHKDRX3:2:2101:11297:16297,index1,100.00,33,0,0,12,44,1,33,1e-16,64.1
SL-NVX:H5HHKDRX3230608:H5HHKDRX3:2:2101:11306:16845,index1,100.00,29,0,0,21,49,1,29,2e-14,56.4
SL-NVX:H5HHKDRX3230608:H5HHKDRX3:2:2101:11306:17973,index1,100.00,33,0,0,13,45,1,33,1e-16,64.1
SL-NVX:H5HHKDRX3230608:H5HHKDRX3:2:2101:11306:9330,index1,100.00,33,0,0,10,42,1,33,1e-16,64.1
SL-NVX:H5HHKDRX3230608:H5HHKDRX3:2:2101:11324:13369,index1,100.00,21,0,0,13,33,1,21,1e-09,41.1
SL-NVX:H5HHKDRX3230608:H5HHKDRX3:2:2101:11333:25723,index1,100.00,33,0,0,11,43,1,33,1e-16,64.1
SL-NVX:H5HHKDRX3230608:H5HHKDRX3:2:2101:11342:25801,index1,100.00,33,0,0,10,42,1,33,1e-16,64.1
SL-NVX:H5HHKDRX3230608:H5HHKDRX3:2:2101:11351:5306,index1,100.00,33,0,0,13,45,1,33,1e-16,64.1
SL-NVX:H5HHKDRX3230608:H5HHKDRX3:2:2101:11360:16689,index1,100.00,33,0,0,13,45,1,33,1e-16,64.1
SL-NVX:H5HHKDRX3230608:H5HHKDRX3:2:2101:11424:16517,index1,100.00,33,0,0,13,45,1,33,1e-16,64.1
SL-NVX:H5HHKDRX3230608:H5HHKDRX3:2:2101:11433:10645,index1,100.00,33,0,0,13,45,1,33,1e-16,64.1
SL-NVX:H5HHKDRX3230608:H5HHKDRX3:2:2101:11433:22514,index1,100.00,33,0,0,13,45,1,33,1e-16,64.1
SL-NVX:H5HHKDRX3230608:H5HHKDRX3:2:2101:11451:21010,index1,100.00,33,0,0,13,45,1,33,1e-16,64.1
SL-NVX:H5HHKDRX3230608:H5HHKDRX3:2:2101:11478:22999,index1,100.00,33,0,0,11,43,1,33,1e-16,64.1
SL-NVX:H5HHKDRX3230608:H5HHKDRX3:2:2101:11496:28541,index1,100.00,33,0,0,13,45,1,33,1e-16,64.1
SL-NVX:H5HHKDRX3230608:H5HHKDRX3:2:2101:11514:7310,index1,100.00,33,0,0,11,43,1,33,1e-16,64.1
SL-NVX:H5HHKDRX3230608:H5HHKDRX3:2:2101:11523:2503,index1,100.00,33,0,0,13,45,1,33,1e-16,64.1
SL-NVX:H5HHKDRX3230608:H5HHKDRX3:2:2101:11559:35227,index1,100.00,33,0,0,11,43,1,33,1e-16,64.1
SL-NVX:H5HHKDRX3230608:H5HHKDRX3:2:2101:11568:36808,index1,100.00,33,0,0,12,44,1,33,1e-16,64.1
SL-NVX:H5HHKDRX3230608:H5HHKDRX3:2:2101:11605:19680,index1,100.00,33,0,0,11,43,1,33,1e-16,64.1
SL-NVX:H5HHKDRX3230608:H5HHKDRX3:2:2101:11605:9471,index1,100.00,33,0,0,13,45,1,33,1e-16,64.1
SL-NVX:H5HHKDRX3230608:H5HHKDRX3:2:2101:11632:35697,index1,100.00,33,0,0,13,45,1,33,1e-16,64.1
SL-NVX:H5HHKDRX3230608:H5HHKDRX3:2:2101:11650:4382,index1,100.00,33,0,0,13,45,1,33,1e-16,64.1
SL-NVX:H5HHKDRX3230608:H5HHKDRX3:2:2101:11686:5134,index1,100.00,33,0,0,13,45,1,33,1e-16,64.1
SL-NVX:H5HHKDRX3230608:H5HHKDRX3:2:2101:11695:10066,index1,100.00,33,0,0,13,45,1,33,1e-16,64.1
SL-NVX:H5HHKDRX3230608:H5HHKDRX3:2:2101:11704:24549,index1,100.00,33,0,0,10,42,1,33,1e-16,64.1
SL-NVX:H5HHKDRX3230608:H5HHKDRX3:2:2101:11713:3364,index1,100.00,33,0,0,13,45,1,33,1e-16,64.1
SL-NVX:H5HHKDRX3230608:H5HHKDRX3:2:2101:11731:16517,index1,100.00,33,0,0,10,42,1,33,1e-16,64.1
SL-NVX:H5HHKDRX3230608:H5HHKDRX3:2:2101:11740:13933,index1,100.00,30,0,0,11,40,1,30,6e-15,58.4
SL-NVX:H5HHKDRX3230608:H5HHKDRX3:2:2101:11758:34820,index1,100.00,33,0,0,10,42,1,33,1e-16,64.1
SL-NVX:H5HHKDRX3230608:H5HHKDRX3:2:2101:11785:31266,index1,100.00,33,0,0,13,45,1,33,1e-16,64.1
SL-NVX:H5HHKDRX3230608:H5HHKDRX3:2:2101:11822:12759,index1,100.00,33,0,0,12,44,1,33,1e-16,64.1
SL-NVX:H5HHKDRX3230608:H5HHKDRX3:2:2101:11840:2268,index1,100.00,33,0,0,13,45,1,33,1e-16,64.1
SL-NVX:H5HHKDRX3230608:H5HHKDRX3:2:2101:11840:2362,index1,100.00,33,0,0,13,45,1,33,1e-16,64.1
SL-NVX:H5HHKDRX3230608:H5HHKDRX3:2:2101:11840:31360,index1,100.00,33,0,0,13,45,1,33,1e-16,64.1
SL-NVX:H5HHKDRX3230608:H5HHKDRX3:2:2101:11894:18270,index1,100.00,33,0,0,10,42,1,33,1e-16,64.1
SL-NVX:H5HHKDRX3230608:H5HHKDRX3:2:2101:11894:18771,index1,100.00,33,0,0,12,44,1,33,1e-16,64.1
SL-NVX:H5HHKDRX3230608:H5HHKDRX3:2:2101:11912:28040,index1,100.00,33,0,0,13,45,1,33,1e-16,64.1
SL-NVX:H5HHKDRX3230608:H5HHKDRX3:2:2101:11921:15280,index1,100.00,33,0,0,12,44,1,33,1e-16,64.1
SL-NVX:H5HHKDRX3230608:H5HHKDRX3:2:2101:11930:36965,index1,100.00,33,0,0,12,44,1,33,1e-16,64.1
SL-NVX:H5HHKDRX3230608:H5HHKDRX3:2:2101:11948:1892,index1,100.00,32,0,0,13,44,1,32,4e-16,62.2
SL-NVX:H5HHKDRX3230608:H5HHKDRX3:2:2101:11975:13056,index1,100.00,33,0,0,12,44,1,33,1e-16,64.1
SL-NVX:H5HHKDRX3230608:H5HHKDRX3:2:2101:11984:2394,index1,100.00,33,0,0,10,42,1,33,1e-16,64.1
SL-NVX:H5HHKDRX3230608:H5HHKDRX3:2:2101:12002:7874,index1,100.00,33,0,0,10,42,1,33,1e-16,64.1
SL-NVX:H5HHKDRX3230608:H5HHKDRX3:2:2101:12011:16783,index1,100.00,33,0,0,13,45,1,33,1e-16,64.1
SL-NVX:H5HHKDRX3230608:H5HHKDRX3:2:2101:12011:21261,index1,100.00,33,0,0,10,42,1,33,1e-16,64.1
SL-NVX:H5HHKDRX3230608:H5HHKDRX3:2:2101:12048:32628,index1,96.88,32,1,0,11,42,1,32,2e-14,56.4
SL-NVX:H5HHKDRX3230608:H5HHKDRX3:2:2101:12075:9565,index1,100.00,33,0,0,12,44,1,33,1e-16,64.1
SL-NVX:H5HHKDRX3230608:H5HHKDRX3:2:2101:12093:2801,index1,100.00,33,0,0,10,42,1,33,1e-16,64.1
SL-NVX:H5HHKDRX3230608:H5HHKDRX3:2:2101:12102:33254,index1,100.00,33,0,0,13,45,1,33,1e-16,64.1
SL-NVX:H5HHKDRX3230608:H5HHKDRX3:2:2101:12111:15828,index1,100.00,33,0,0,10,42,1,33,1e-16,64.1
SL-NVX:H5HHKDRX3230608:H5HHKDRX3:2:2101:12138:23390,index1,100.00,33,0,0,13,45,1,33,1e-16,64.1
SL-NVX:H5HHKDRX3230608:H5HHKDRX3:2:2101:12183:12790,index1,100.00,33,0,0,12,44,1,33,1e-16,64.1
SL-NVX:H5HHKDRX3230608:H5HHKDRX3:2:2101:12183:2049,index1,100.00,33,0,0,13,45,1,33,1e-16,64.1
SL-NVX:H5HHKDRX3230608:H5HHKDRX3:2:2101:12192:36886,index1,100.00,33,0,0,10,42,1,33,1e-16,64.1
SL-NVX:H5HHKDRX3230608:H5HHKDRX3:2:2101:12210:19382,index1,100.00,33,0,0,10,42,1,33,1e-16,64.1
SL-NVX:H5HHKDRX3230608:H5HHKDRX3:2:2101:12210:20979,index1,100.00,33,0,0,15,47,1,33,1e-16,64.1
SL-NVX:H5HHKDRX3230608:H5HHKDRX3:2:2101:12210:25614,index1,100.00,33,0,0,13,45,1,33,1e-16,64.1
SL-NVX:H5HHKDRX3230608:H5HHKDRX3:2:2101:12210:32158,index1,100.00,28,0,0,20,47,1,28,8e-14,54.5
SL-NVX:H5HHKDRX3230608:H5HHKDRX3:2:2101:12219:2268,index1,100.00,33,0,0,13,45,1,33,1e-16,64.1
SL-NVX:H5HHKDRX3230608:H5HHKDRX3:2:2101:12219:23124,index1,100.00,33,0,0,13,45,1,33,1e-16,64.1
SL-NVX:H5HHKDRX3230608:H5HHKDRX3:2:2101:12219:2895,index1,100.00,33,0,0,11,43,1,33,1e-16,64.1
SL-NVX:H5HHKDRX3230608:H5HHKDRX3:2:2101:12228:2284,index1,100.00,33,0,0,13,45,1,33,1e-16,64.1
SL-NVX:H5HHKDRX3230608:H5HHKDRX3:2:2101:12237:19774,index1,100.00,33,0,0,10,42,1,33,1e-16,64.1
SL-NVX:H5HHKDRX3230608:H5HHKDRX3:2:2101:12237:20964,index1,100.00,33,0,0,18,50,1,33,1e-16,64.1
SL-NVX:H5HHKDRX3230608:H5HHKDRX3:2:2101:12237:29324,index1,100.00,33,0,0,13,45,1,33,1e-16,64.1
SL-NVX:H5HHKDRX3230608:H5HHKDRX3:2:2101:12274:10347,index1,100.00,33,0,0,13,45,1,33,1e-16,64.1
SL-NVX:H5HHKDRX3230608:H5HHKDRX3:2:2101:12292:10285,index1,100.00,33,0,0,13,45,1,33,1e-16,64.1
SL-NVX:H5HHKDRX3230608:H5HHKDRX3:2:2101:12292:27946,index1,100.00,33,0,0,13,45,1,33,1e-16,64.1
SL-NVX:H5HHKDRX3230608:H5HHKDRX3:2:2101:12292:35931,index1,100.00,33,0,0,18,50,1,33,1e-16,64.1
SL-NVX:H5HHKDRX3230608:H5HHKDRX3:2:2101:12301:21605,index1,100.00,33,0,0,10,42,1,33,1e-16,64.1
SL-NVX:H5HHKDRX3230608:H5HHKDRX3:2:2101:12301:26835,index1,100.00,33,0,0,13,45,1,33,1e-16,64.1
SL-NVX:H5HHKDRX3230608:H5HHKDRX3:2:2101:12310:16360,index1,100.00,33,0,0,13,45,1,33,1e-16,64.1
SL-NVX:H5HHKDRX3230608:H5HHKDRX3:2:2101:12319:1877,index1,96.97,33,1,0,10,42,1,33,6e-15,58.4
SL-NVX:H5HHKDRX3230608:H5HHKDRX3:2:2101:12319:21198,index1,100.00,33,0,0,12,44,1,33,1e-16,64.1
SL-NVX:H5HHKDRX3230608:H5HHKDRX3:2:2101:12337:1376,index1,100.00,33,0,0,10,42,1,33,1e-16,64.1
SL-NVX:H5HHKDRX3230608:H5HHKDRX3:2:2101:1235:25927,index1,96.97,33,1,0,14,46,1,33,2e-15,60.3
SL-NVX:H5HHKDRX3230608:H5HHKDRX3:2:2101:12373:9455,index1,100.00,33,0,0,10,42,1,33,1e-16,64.1
SL-NVX:H5HHKDRX3230608:H5HHKDRX3:2:2101:12382:23437,index1,100.00,33,0,0,13,45,1,33,1e-16,64.1
SL-NVX:H5HHKDRX3230608:H5HHKDRX3:2:2101:12391:27179,index1,100.00,33,0,0,13,45,1,33,1e-16,64.1
SL-NVX:H5HHKDRX3230608:H5HHKDRX3:2:2101:12400:1329,index1,100.00,33,0,0,10,42,1,33,1e-16,64.1
SL-NVX:H5HHKDRX3230608:H5HHKDRX3:2:2101:12400:1423,index1,100.00,33,0,0,12,44,1,33,1e-16,64.1
SL-NVX:H5HHKDRX3230608:H5HHKDRX3:2:2101:12400:19554,index1,100.00,33,0,0,13,45,1,33,1e-16,64.1
SL-NVX:H5HHKDRX3230608:H5HHKDRX3:2:2101:12400:7936,index1,100.00,33,0,0,12,44,1,33,1e-16,64.1
SL-NVX:H5HHKDRX3230608:H5HHKDRX3:2:2101:12427:9737,index1,100.00,33,0,0,13,45,1,33,1e-16,64.1
SL-NVX:H5HHKDRX3230608:H5HHKDRX3:2:2101:12436:6934,index1,100.00,33,0,0,14,46,1,33,1e-16,64.1
SL-NVX:H5HHKDRX3230608:H5HHKDRX3:2:2101:12445:20071,index1,100.00,33,0,0,12,44,1,33,1e-16,64.1
SL-NVX:H5HHKDRX3230608:H5HHKDRX3:2:2101:1244:15045,index1,96.97,33,1,0,12,44,1,33,2e-15,60.3
SL-NVX:H5HHKDRX3230608:H5HHKDRX3:2:2101:12472:12258,index1,100.00,18,0,0,24,41,16,33,5e-08,35.3
SL-NVX:H5HHKDRX3230608:H5HHKDRX3:2:2101:12472:12258,index1,100.00,14,0,0,10,23,1,14,1e-05,27.6
SL-NVX:H5HHKDRX3230608:H5HHKDRX3:2:2101:12472:9627,index1,100.00,33,0,0,13,45,1,33,1e-16,64.1
SL-NVX:H5HHKDRX3230608:H5HHKDRX3:2:2101:12481:27806,index1,100.00,33,0,0,13,45,1,33,1e-16,64.1
SL-NVX:H5HHKDRX3230608:H5HHKDRX3:2:2101:12481:5729,index1,100.00,33,0,0,11,43,1,33,1e-16,64.1
SL-NVX:H5HHKDRX3230608:H5HHKDRX3:2:2101:12509:15264,index1,100.00,33,0,0,12,44,1,33,1e-16,64.1
SL-NVX:H5HHKDRX3230608:H5HHKDRX3:2:2101:12527:25692,index1,100.00,33,0,0,13,45,1,33,1e-16,64.1
SL-NVX:H5HHKDRX3230608:H5HHKDRX3:2:2101:12527:3583,index1,100.00,33,0,0,10,42,1,33,1e-16,64.1
SL-NVX:H5HHKDRX3230608:H5HHKDRX3:2:2101:12527:4523,index1,100.00,33,0,0,13,45,1,33,1e-16,64.1
SL-NVX:H5HHKDRX3230608:H5HHKDRX3:2:2101:12536:31908,index1,100.00,13,0,0,38,50,1,13,4e-05,25.7
SL-NVX:H5HHKDRX3230608:H5HHKDRX3:2:2101:12590:27806,index1,100.00,33,0,0,10,42,1,33,1e-16,64.1
SL-NVX:H5HHKDRX3230608:H5HHKDRX3:2:2101:12599:5274,index1,100.00,33,0,0,13,45,1,33,1e-16,64.1
SL-NVX:H5HHKDRX3230608:H5HHKDRX3:2:2101:12608:23923,index1,100.00,33,0,0,13,45,1,33,1e-16,64.1
SL-NVX:H5HHKDRX3230608:H5HHKDRX3:2:2101:12608:28557,index1,100.00,33,0,0,10,42,1,33,1e-16,64.1
SL-NVX:H5HHKDRX3230608:H5HHKDRX3:2:2101:12617:30639,index1,96.97,33,1,0,10,42,1,33,6e-15,58.4
SL-NVX:H5HHKDRX3230608:H5HHKDRX3:2:2101:12617:31986,index1,100.00,33,0,0,13,45,1,33,1e-16,64.1
SL-NVX:H5HHKDRX3230608:H5HHKDRX3:2:2101:12626:23328,index1,100.00,33,0,0,10,42,1,33,1e-16,64.1
SL-NVX:H5HHKDRX3230608:H5HHKDRX3:2:2101:12635:24471,index1,100.00,33,0,0,12,44,1,33,1e-16,64.1
SL-NVX:H5HHKDRX3230608:H5HHKDRX3:2:2101:12644:30686,index1,100.00,33,0,0,14,46,1,33,1e-16,64.1
SL-NVX:H5HHKDRX3230608:H5HHKDRX3:2:2101:12653:19210,index1,100.00,33,0,0,10,42,1,33,1e-16,64.1
SL-NVX:H5HHKDRX3230608:H5HHKDRX3:2:2101:12653:6339,index1,100.00,33,0,0,13,45,1,33,1e-16,64.1
SL-NVX:H5HHKDRX3230608:H5HHKDRX3:2:2101:12671:36057,index1,100.00,33,0,0,10,42,1,33,1e-16,64.1
SL-NVX:H5HHKDRX3230608:H5HHKDRX3:2:2101:12671:4022,index1,100.00,33,0,0,13,45,1,33,1e-16,64.1
SL-NVX:H5HHKDRX3230608:H5HHKDRX3:2:2101:12707:11287,index1,100.00,33,0,0,13,45,1,33,1e-16,64.1
SL-NVX:H5HHKDRX3230608:H5HHKDRX3:2:2101:12707:17331,index1,100.00,33,0,0,10,42,1,33,1e-16,64.1
SL-NVX:H5HHKDRX3230608:H5HHKDRX3:2:2101:12707:32487,index1,100.00,33,0,0,12,44,1,33,1e-16,64.1
SL-NVX:H5HHKDRX3230608:H5HHKDRX3:2:2101:12717:8046,index1,100.00,33,0,0,11,43,1,33,1e-16,64.1
SL-NVX:H5HHKDRX3230608:H5HHKDRX3:2:2101:1271:24580,index1,100.00,33,0,0,13,45,1,33,1e-16,64.1
SL-NVX:H5HHKDRX3230608:H5HHKDRX3:2:2101:12744:32299,index1,100.00,13,0,0,38,50,1,13,4e-05,25.7
SL-NVX:H5HHKDRX3230608:H5HHKDRX3:2:2101:12744:33176,index1,96.97,33,1,0,13,45,1,33,6e-15,58.4
SL-NVX:H5HHKDRX3230608:H5HHKDRX3:2:2101:12753:16595,index1,100.00,33,0,0,12,44,1,33,1e-16,64.1
SL-NVX:H5HHKDRX3230608:H5HHKDRX3:2:2101:12762:24158,index1,100.00,33,0,0,13,45,1,33,1e-16,64.1
SL-NVX:H5HHKDRX3230608:H5HHKDRX3:2:2101:12789:19601,index1,100.00,33,0,0,10,42,1,33,1e-16,64.1
SL-NVX:H5HHKDRX3230608:H5HHKDRX3:2:2101:12807:12117,index1,100.00,33,0,0,12,44,1,33,1e-16,64.1
SL-NVX:H5HHKDRX3230608:H5HHKDRX3:2:2101:12807:13056,index1,100.00,32,0,0,10,41,1,32,4e-16,62.2
SL-NVX:H5HHKDRX3230608:H5HHKDRX3:2:2101:12879:13432,index1,100.00,33,0,0,11,43,1,33,1e-16,64.1
SL-NVX:H5HHKDRX3230608:H5HHKDRX3:2:2101:12888:28103,index1,100.00,33,0,0,13,45,1,33,1e-16,64.1
SL-NVX:H5HHKDRX3230608:H5HHKDRX3:2:2101:12943:12195,index1,100.00,33,0,0,10,42,1,33,1e-16,64.1
SL-NVX:H5HHKDRX3230608:H5HHKDRX3:2:2101:12943:36464,index1,100.00,30,0,0,10,39,1,30,6e-15,58.4
SL-NVX:H5HHKDRX3230608:H5HHKDRX3:2:2101:12952:22764,index1,100.00,33,0,0,10,42,1,33,1e-16,64.1
SL-NVX:H5HHKDRX3230608:H5HHKDRX3:2:2101:12961:19398,index1,100.00,33,0,0,13,45,1,33,1e-16,64.1
SL-NVX:H5HHKDRX3230608:H5HHKDRX3:2:2101:12961:2080,index1,100.00,33,0,0,10,42,1,33,1e-16,64.1
SL-NVX:H5HHKDRX3230608:H5HHKDRX3:2:2101:12961:22592,index1,100.00,33,0,0,13,45,1,33,1e-16,64.1
SL-NVX:H5HHKDRX3230608:H5HHKDRX3:2:2101:12961:31516,index1,100.00,33,0,0,12,44,1,33,1e-16,64.1
SL-NVX:H5HHKDRX3230608:H5HHKDRX3:2:2101:12988:10269,index1,100.00,33,0,0,13,45,1,33,1e-16,64.1
SL-NVX:H5HHKDRX3230608:H5HHKDRX3:2:2101:12988:12430,index1,100.00,33,0,0,10,42,1,33,1e-16,64.1
SL-NVX:H5HHKDRX3230608:H5HHKDRX3:2:2101:12988:31407,index1,100.00,33,0,0,13,45,1,33,1e-16,64.1
SL-NVX:H5HHKDRX3230608:H5HHKDRX3:2:2101:1298:12571,index1,100.00,33,0,0,13,45,1,33,1e-16,64.1
SL-NVX:H5HHKDRX3230608:H5HHKDRX3:2:2101:13015:16360,index1,100.00,33,0,0,10,42,1,33,1e-16,64.1
SL-NVX:H5HHKDRX3230608:H5HHKDRX3:2:2101:13015:32330,index1,100.00,33,0,0,11,43,1,33,1e-16,64.1
SL-NVX:H5HHKDRX3230608:H5HHKDRX3:2:2101:13024:8265,index1,100.00,33,0,0,10,42,1,33,1e-16,64.1
SL-NVX:H5HHKDRX3230608:H5HHKDRX3:2:2101:13042:13150,index1,100.00,33,0,0,10,42,1,33,1e-16,64.1
SL-NVX:H5HHKDRX3230608:H5HHKDRX3:2:2101:13060:22200,index1,100.00,21,0,0,30,50,12,32,1e-09,41.1
SL-NVX:H5HHKDRX3230608:H5HHKDRX3:2:2101:13060:22200,index1,100.00,12,0,0,18,29,1,12,2e-04,23.8
SL-NVX:H5HHKDRX3230608:H5HHKDRX3:2:2101:13078:13620,index1,100.00,33,0,0,11,43,1,33,1e-16,64.1
SL-NVX:H5HHKDRX3230608:H5HHKDRX3:2:2101:13087:12414,index1,100.00,32,0,0,13,44,1,32,4e-16,62.2
SL-NVX:H5HHKDRX3230608:H5HHKDRX3:2:2101:13087:8563,index1,100.00,33,0,0,12,44,1,33,1e-16,64.1
SL-NVX:H5HHKDRX3230608:H5HHKDRX3:2:2101:13105:5619,index1,100.00,33,0,0,13,45,1,33,1e-16,64.1
SL-NVX:H5HHKDRX3230608:H5HHKDRX3:2:2101:13123:14920,index1,100.00,33,0,0,10,42,1,33,1e-16,64.1
SL-NVX:H5HHKDRX3230608:H5HHKDRX3:2:2101:13141:11788,index1,100.00,33,0,0,10,42,1,33,1e-16,64.1
SL-NVX:H5HHKDRX3230608:H5HHKDRX3:2:2101:13160:27320,index1,100.00,33,0,0,10,42,1,33,1e-16,64.1
SL-NVX:H5HHKDRX3230608:H5HHKDRX3:2:2101:13160:8656,index1,100.00,33,0,0,13,45,1,33,1e-16,64.1
SL-NVX:H5HHKDRX3230608:H5HHKDRX3:2:2101:13169:28401,index1,100.00,33,0,0,13,45,1,33,1e-16,64.1
SL-NVX:H5HHKDRX3230608:H5HHKDRX3:2:2101:13169:5854,index1,100.00,33,0,0,13,45,1,33,1e-16,64.1
SL-NVX:H5HHKDRX3230608:H5HHKDRX3:2:2101:13169:8422,index1,100.00,33,0,0,10,42,1,33,1e-16,64.1
SL-NVX:H5HHKDRX3230608:H5HHKDRX3:2:2101:13187:29058,index1,100.00,33,0,0,11,43,1,33,1e-16,64.1
SL-NVX:H5HHKDRX3230608:H5HHKDRX3:2:2101:13187:3349,index1,100.00,33,0,0,13,45,1,33,1e-16,64.1
SL-NVX:H5HHKDRX3230608:H5HHKDRX3:2:2101:13196:28761,index1,100.00,33,0,0,13,45,1,33,1e-16,64.1
SL-NVX:H5HHKDRX3230608:H5HHKDRX3:2:2101:13196:31923,index1,100.00,33,0,0,10,42,1,33,1e-16,64.1
SL-NVX:H5HHKDRX3230608:H5HHKDRX3:2:2101:13205:1282,index1,100.00,33,0,0,11,43,1,33,1e-16,64.1
SL-NVX:H5HHKDRX3230608:H5HHKDRX3:2:2101:13205:27868,index1,100.00,33,0,0,10,42,1,33,1e-16,64.1
SL-NVX:H5HHKDRX3230608:H5HHKDRX3:2:2101:13241:27618,index1,100.00,33,0,0,12,44,1,33,1e-16,64.1
SL-NVX:H5HHKDRX3230608:H5HHKDRX3:2:2101:13241:31093,index1,100.00,33,0,0,13,45,1,33,1e-16,64.1
SL-NVX:H5HHKDRX3230608:H5HHKDRX3:2:2101:13250:25191,index1,100.00,33,0,0,10,42,1,33,1e-16,64.1
SL-NVX:H5HHKDRX3230608:H5HHKDRX3:2:2101:13259:28620,index1,100.00,33,0,0,11,43,1,33,1e-16,64.1
SL-NVX:H5HHKDRX3230608:H5HHKDRX3:2:2101:1325:7701,index1,96.97,33,1,0,13,45,1,33,6e-15,58.4
SL-NVX:H5HHKDRX3230608:H5HHKDRX3:2:2101:13268:3928,index1,100.00,33,0,0,10,42,1,33,1e-16,64.1
SL-NVX:H5HHKDRX3230608:H5HHKDRX3:2:2101:13286:31955,index1,100.00,33,0,0,13,45,1,33,1e-16,64.1
SL-NVX:H5HHKDRX3230608:H5HHKDRX3:2:2101:13304:29042,index1,100.00,33,0,0,13,45,1,33,1e-16,64.1
SL-NVX:H5HHKDRX3230608:H5HHKDRX3:2:2101:13322:4492,index1,100.00,33,0,0,12,44,1,33,1e-16,64.1
SL-NVX:H5HHKDRX3230608:H5HHKDRX3:2:2101:13322:9533,index1,100.00,30,0,0,13,42,1,30,6e-15,58.4
SL-NVX:H5HHKDRX3230608:H5HHKDRX3:2:2101:13340:35712,index1,100.00,33,0,0,13,45,1,33,1e-16,64.1
SL-NVX:H5HHKDRX3230608:H5HHKDRX3:2:2101:1334:26850,index1,100.00,30,0,0,21,50,1,30,6e-15,58.4
SL-NVX:H5HHKDRX3230608:H5HHKDRX3:2:2101:13358:29074,index1,100.00,33,0,0,10,42,1,33,1e-16,64.1
SL-NVX:H5HHKDRX3230608:H5HHKDRX3:2:2101:13367:24142,index1,100.00,33,0,0,13,45,1,33,1e-16,64.1
SL-NVX:H5HHKDRX3230608:H5HHKDRX3:2:2101:13367:31250,index1,100.00,33,0,0,13,45,1,33,1e-16,64.1
SL-NVX:H5HHKDRX3230608:H5HHKDRX3:2:2101:13376:28573,index1,100.00,33,0,0,12,44,1,33,1e-16,64.1
SL-NVX:H5HHKDRX3230608:H5HHKDRX3:2:2101:13376:31140,index1,100.00,33,0,0,10,42,1,33,1e-16,64.1
SL-NVX:H5HHKDRX3230608:H5HHKDRX3:2:2101:13376:6527,index1,100.00,33,0,0,10,42,1,33,1e-16,64.1
SL-NVX:H5HHKDRX3230608:H5HHKDRX3:2:2101:13386:32471,index1,100.00,33,0,0,13,45,1,33,1e-16,64.1
SL-NVL:H7YY3DRX3230725:H7YY3DRX3:1:2101:10194:11788,index1,100.00,10,0,0,25,34,7,16,0.002,19.9
SL-NVL:H7YY3DRX3230725:H7YY3DRX3:1:2101:10375:3928,index1,100.00,33,0,0,13,45,1,33,1e-16,64.1
SL-NVX:H5HHKDRX3230608:H5HHKDRX3:1:2101:10013:28103,index1,100.00,33,0,0,13,45,1,33,1e-16,64.1
SL-NVX:H5HHKDRX3230608:H5HHKDRX3:1:2101:10013:7874,index1,100.00,33,0,0,13,45,1,33,1e-16,64.1
SL-NVX:H5HHKDRX3230608:H5HHKDRX3:1:2101:10022:7545,index1,100.00,33,0,0,13,45,1,33,1e-16,64.1
SL-NVX:H5HHKDRX3230608:H5HHKDRX3:1:2101:10059:25050,index1,100.00,33,0,0,13,45,1,33,1e-16,64.1
SL-NVX:H5HHKDRX3230608:H5HHKDRX3:1:2101:10068:25942,index1,100.00,33,0,0,12,44,1,33,1e-16,64.1
SL-NVX:H5HHKDRX3230608:H5HHKDRX3:1:2101:10104:14920,index1,100.00,33,0,0,13,45,1,33,1e-16,64.1
SL-NVX:H5HHKDRX3230608:H5HHKDRX3:1:2101:10113:16939,index1,100.00,10,0,0,17,26,14,23,0.002,19.9
SL-NVX:H5HHKDRX3230608:H5HHKDRX3:1:2101:10113:8578,index1,100.00,33,0,0,13,45,1,33,1e-16,64.1
SL-NVX:H5HHKDRX3230608:H5HHKDRX3:1:2101:10122:34961,index1,100.00,33,0,0,13,45,1,33,1e-16,64.1
SL-NVX:H5HHKDRX3230608:H5HHKDRX3:1:2101:10131:36260,index1,100.00,33,0,0,13,45,1,33,1e-16,64.1
SL-NVX:H5HHKDRX3230608:H5HHKDRX3:1:2101:10149:32002,index1,100.00,33,0,0,10,42,1,33,1e-16,64.1
SL-NVX:H5HHKDRX3230608:H5HHKDRX3:1:2101:10158:10128,index1,100.00,33,0,0,13,45,1,33,1e-16,64.1
SL-NVX:H5HHKDRX3230608:H5HHKDRX3:1:2101:10167:20791,index1,100.00,33,0,0,13,45,1,33,1e-16,64.1
SL-NVX:H5HHKDRX3230608:H5HHKDRX3:1:2101:10176:23970,index1,100.00,33,0,0,13,45,1,33,1e-16,64.1
SL-NVX:H5HHKDRX3230608:H5HHKDRX3:1:2101:10185:10394,index1,100.00,18,0,0,29,46,1,18,5e-08,35.3
SL-NVX:H5HHKDRX3230608:H5HHKDRX3:1:2101:10203:27586,index1,100.00,33,0,0,13,45,1,33,1e-16,64.1
SL-NVX:H5HHKDRX3230608:H5HHKDRX3:1:2101:10221:4539,index1,100.00,33,0,0,13,45,1,33,1e-16,64.1
SL-NVX:H5HHKDRX3230608:H5HHKDRX3:1:2101:10230:32049,index1,100.00,33,0,0,12,44,1,33,1e-16,64.1
SL-NVX:H5HHKDRX3230608:H5HHKDRX3:1:2101:10239:16125,index1,100.00,33,0,0,13,45,1,33,1e-16,64.1
SL-NVX:H5HHKDRX3230608:H5HHKDRX3:1:2101:10239:9987,index1,100.00,33,0,0,10,42,1,33,1e-16,64.1
SL-NVX:H5HHKDRX3230608:H5HHKDRX3:1:2101:10248:17707,index1,100.00,33,0,0,11,43,1,33,1e-16,64.1
SL-NVX:H5HHKDRX3230608:H5HHKDRX3:1:2101:10267:1204,index1,100.00,33,0,0,13,45,1,33,1e-16,64.1
SL-NVX:H5HHKDRX3230608:H5HHKDRX3:1:2101:10267:5274,index1,100.00,33,0,0,13,45,1,33,1e-16,64.1
SL-NVX:H5HHKDRX3230608:H5HHKDRX3:1:2101:10276:1063,index1,100.00,33,0,0,10,42,1,33,1e-16,64.1
SL-NVX:H5HHKDRX3230608:H5HHKDRX3:1:2101:10312:36761,index1,100.00,33,0,0,10,42,1,33,1e-16,64.1
SL-NVX:H5HHKDRX3230608:H5HHKDRX3:1:2101:10321:34147,index1,100.00,33,0,0,10,42,1,33,1e-16,64.1
SL-NVX:H5HHKDRX3230608:H5HHKDRX3:1:2101:10330:4695,index1,100.00,33,0,0,13,45,1,33,1e-16,64.1
SL-NVX:H5HHKDRX3230608:H5HHKDRX3:1:2101:10339:16548,index1,100.00,33,0,0,12,44,1,33,1e-16,64.1
SL-NVX:H5HHKDRX3230608:H5HHKDRX3:1:2101:10339:29450,index1,100.00,33,0,0,10,42,1,33,1e-16,64.1
SL-NVX:H5HHKDRX3230608:H5HHKDRX3:1:2101:10357:24158,index1,100.00,33,0,0,13,45,1,33,1e-16,64.1
SL-NVX:H5HHKDRX3230608:H5HHKDRX3:1:2101:10357:4366,index1,100.00,33,0,0,13,45,1,33,1e-16,64.1
SL-NVX:H5HHKDRX3230608:H5HHKDRX3:1:2101:10375:32737,index1,100.00,33,0,0,10,42,1,33,1e-16,64.1
SL-NVX:H5HHKDRX3230608:H5HHKDRX3:1:2101:10384:32878,index1,100.00,33,0,0,10,42,1,33,1e-16,64.1
SL-NVX:H5HHKDRX3230608:H5HHKDRX3:1:2101:10402:17221,index1,100.00,33,0,0,11,43,1,33,1e-16,64.1
SL-NVX:H5HHKDRX3230608:H5HHKDRX3:1:2101:10438:18286,index1,100.00,31,0,0,19,49,1,31,2e-15,60.3
SL-NVX:H5HHKDRX3230608:H5HHKDRX3:1:2101:10438:8703,index1,96.97,33,1,0,10,42,1,33,6e-15,58.4
SL-NVX:H5HHKDRX3230608:H5HHKDRX3:1:2101:10493:8923,index1,100.00,33,0,0,11,43,1,33,1e-16,64.1
SL-NVX:H5HHKDRX3230608:H5HHKDRX3:1:2101:10502:17362,index1,100.00,33,0,0,12,44,1,33,1e-16,64.1
SL-NVX:H5HHKDRX3230608:H5HHKDRX3:1:2101:10511:14559,index1,100.00,33,0,0,13,45,1,33,1e-16,64.1
SL-NVX:H5HHKDRX3230608:H5HHKDRX3:1:2101:10520:23343,index1,100.00,33,0,0,10,42,1,33,1e-16,64.1
SL-NVX:H5HHKDRX3230608:H5HHKDRX3:1:2101:10529:18443,index1,100.00,33,0,0,10,42,1,33,1e-16,64.1
SL-NVX:H5HHKDRX3230608:H5HHKDRX3:1:2101:10529:24580,index1,100.00,33,0,0,13,45,1,33,1e-16,64.1
SL-NVX:H5HHKDRX3230608:H5HHKDRX3:1:2101:10529:2472,index1,100.00,33,0,0,12,44,1,33,1e-16,64.1
SL-NVX:H5HHKDRX3230608:H5HHKDRX3:1:2101:10529:34976,index1,100.00,33,0,0,13,45,1,33,1e-16,64.1
SL-NVX:H5HHKDRX3230608:H5HHKDRX3:1:2101:10547:26240,index1,100.00,33,0,0,12,44,1,33,1e-16,64.1
SL-NVX:H5HHKDRX3230608:H5HHKDRX3:1:2101:10547:36448,index1,100.00,33,0,0,13,45,1,33,1e-16,64.1
SL-NVX:H5HHKDRX3230608:H5HHKDRX3:1:2101:10565:30405,index1,100.00,33,0,0,13,45,1,33,1e-16,64.1
SL-NVX:H5HHKDRX3230608:H5HHKDRX3:1:2101:10565:34663,index1,100.00,33,0,0,10,42,1,33,1e-16,64.1
SL-NVX:H5HHKDRX3230608:H5HHKDRX3:1:2101:10574:25128,index1,100.00,33,0,0,10,42,1,33,1e-16,64.1
SL-NVX:H5HHKDRX3230608:H5HHKDRX3:1:2101:10574:4586,index1,100.00,33,0,0,13,45,1,33,1e-16,64.1
SL-NVX:H5HHKDRX3230608:H5HHKDRX3:1:2101:10610:3020,index1,100.00,33,0,0,13,45,1,33,1e-16,64.1
SL-NVX:H5HHKDRX3230608:H5HHKDRX3:1:2101:10619:2347,index1,100.00,33,0,0,12,44,1,33,1e-16,64.1
SL-NVX:H5HHKDRX3230608:H5HHKDRX3:1:2101:10637:14810,index1,100.00,33,0,0,10,42,1,33,1e-16,64.1
SL-NVX:H5HHKDRX3230608:H5HHKDRX3:1:2101:10637:21292,index1,100.00,33,0,0,12,44,1,33,1e-16,64.1
SL-NVX:H5HHKDRX3230608:H5HHKDRX3:1:2101:10637:34663,index1,100.00,33,0,0,13,45,1,33,1e-16,64.1
SL-NVX:H5HHKDRX3230608:H5HHKDRX3:1:2101:10637:7012,index1,100.00,33,0,0,10,42,1,33,1e-16,64.1
SL-NVX:H5HHKDRX3230608:H5HHKDRX3:1:2101:10646:16767,index1,100.00,33,0,0,13,45,1,33,1e-16,64.1
SL-NVX:H5HHKDRX3230608:H5HHKDRX3:1:2101:10655:5854,index1,100.00,33,0,0,13,45,1,33,1e-16,64.1
SL-NVX:H5HHKDRX3230608:H5HHKDRX3:1:2101:10664:15389,index1,100.00,33,0,0,10,42,1,33,1e-16,64.1
SL-NVX:H5HHKDRX3230608:H5HHKDRX3:1:2101:10664:26130,index1,100.00,33,0,0,10,42,1,33,1e-16,64.1
SL-NVX:H5HHKDRX3230608:H5HHKDRX3:1:2101:10691:10019,index1,100.00,33,0,0,13,45,1,33,1e-16,64.1
SL-NVX:H5HHKDRX3230608:H5HHKDRX3:1:2101:10700:22654,index1,100.00,33,0,0,10,42,1,33,1e-16,64.1
SL-NVX:H5HHKDRX3230608:H5HHKDRX3:1:2101:10710:2722,index1,100.00,33,0,0,10,42,1,33,1e-16,64.1
SL-NVX:H5HHKDRX3230608:H5HHKDRX3:1:2101:10719:34428,index1,100.00,20,0,0,29,48,1,20,3e-09,39.1
SL-NVX:H5HHKDRX3230608:H5HHKDRX3:1:2101:10728:33880,index1,100.00,33,0,0,10,42,1,33,1e-16,64.1
SL-NVX:H5HHKDRX3230608:H5HHKDRX3:1:2101:10737:30452,index1,100.00,33,0,0,13,45,1,33,1e-16,64.1
SL-NVX:H5HHKDRX3230608:H5HHKDRX3:1:2101:10746:8547,index1,100.00,33,0,0,10,42,1,33,1e-16,64.1
SL-NVX:H5HHKDRX3230608:H5HHKDRX3:1:2101:10764:11772,index1,100.00,33,0,0,13,45,1,33,1e-16,64.1
SL-NVX:H5HHKDRX3230608:H5HHKDRX3:1:2101:10764:36135,index1,100.00,33,0,0,13,45,1,33,1e-16,64.1
SL-NVX:H5HHKDRX3230608:H5HHKDRX3:1:2101:10782:31688,index1,100.00,33,0,0,10,42,1,33,1e-16,64.1
SL-NVX:H5HHKDRX3230608:H5HHKDRX3:1:2101:10791:12226,index1,100.00,33,0,0,10,42,1,33,1e-16,64.1
SL-NVX:H5HHKDRX3230608:H5HHKDRX3:1:2101:10800:18474,index1,100.00,33,0,0,13,45,1,33,1e-16,64.1
SL-NVX:H5HHKDRX3230608:H5HHKDRX3:1:2101:10800:22357,index1,100.00,33,0,0,13,45,1,33,1e-16,64.1
SL-NVX:H5HHKDRX3230608:H5HHKDRX3:1:2101:10836:11083,index1,100.00,33,0,0,10,42,1,33,1e-16,64.1
SL-NVX:H5HHKDRX3230608:H5HHKDRX3:1:2101:10836:31281,index1,100.00,33,0,0,13,45,1,33,1e-16,64.1
SL-NVX:H5HHKDRX3230608:H5HHKDRX3:1:2101:10854:33129,index1,100.00,33,0,0,12,44,1,33,1e-16,64.1
SL-NVX:H5HHKDRX3230608:H5HHKDRX3:1:2101:10863:27602,index1,100.00,33,0,0,13,45,1,33,1e-16,64.1
SL-NVX:H5HHKDRX3230608:H5HHKDRX3:1:2101:10863:28698,index1,100.00,33,0,0,13,45,1,33,1e-16,64.1
SL-NVX:H5HHKDRX3230608:H5HHKDRX3:1:2101:10890:5071,index1,100.00,21,0,0,26,46,1,21,9e-10,41.1
SL-NVX:H5HHKDRX3230608:H5HHKDRX3:1:2101:10917:10661,index1,100.00,33,0,0,13,45,1,33,1e-16,64.1
SL-NVX:H5HHKDRX3230608:H5HHKDRX3:1:2101:10926:31000,index1,100.00,33,0,0,13,45,1,33,1e-16,64.1
SL-NVX:H5HHKDRX3230608:H5HHKDRX3:1:2101:10926:4539,index1,100.00,33,0,0,13,45,1,33,1e-16,64.1
SL-NVX:H5HHKDRX3230608:H5HHKDRX3:1:2101:10945:35947,index1,100.00,33,0,0,13,45,1,33,1e-16,64.1
SL-NVX:H5HHKDRX3230608:H5HHKDRX3:1:2101:10954:13761,index1,100.00,33,0,0,13,45,1,33,1e-16,64.1
SL-NVX:H5HHKDRX3230608:H5HHKDRX3:1:2101:10990:31923,index1,100.00,33,0,0,11,43,1,33,1e-16,64.1
SL-NVX:H5HHKDRX3230608:H5HHKDRX3:1:2101:11008:14011,index1,100.00,33,0,0,10,42,1,33,1e-16,64.1
SL-NVX:H5HHKDRX3230608:H5HHKDRX3:1:2101:11008:27915,index1,100.00,33,0,0,13,45,1,33,1e-16,64.1
SL-NVX:H5HHKDRX3230608:H5HHKDRX3:1:2101:11008:30044,index1,100.00,33,0,0,11,43,1,33,1e-16,64.1
SL-NVX:H5HHKDRX3230608:H5HHKDRX3:1:2101:11017:21919,index1,100.00,33,0,0,13,45,1,33,1e-16,64.1
SL-NVX:H5HHKDRX3230608:H5HHKDRX3:1:2101:11044:7874,index1,100.00,33,0,0,12,44,1,33,1e-16,64.1
SL-NVX:H5HHKDRX3230608:H5HHKDRX3:1:2101:11053:19100,index1,100.00,33,0,0,10,42,1,33,1e-16,64.1
SL-NVX:H5HHKDRX3230608:H5HHKDRX3:1:2101:11071:2315,index1,100.00,33,0,0,10,42,1,33,1e-16,64.1
SL-NVX:H5HHKDRX3230608:H5HHKDRX3:1:2101:11080:19961,index1,100.00,33,0,0,11,43,1,33,1e-16,64.1
SL-NVX:H5HHKDRX3230608:H5HHKDRX3:1:2101:11080:36777,index1,100.00,33,0,0,10,42,1,33,1e-16,64.1
SL-NVX:H5HHKDRX3230608:H5HHKDRX3:1:2101:11116:32111,index1,100.00,16,0,0,35,50,1,16,7e-07,31.5
SL-NVX:H5HHKDRX3230608:H5HHKDRX3:1:2101:11125:24549,index1,100.00,33,0,0,10,42,1,33,1e-16,64.1
SL-NVX:H5HHKDRX3230608:H5HHKDRX3:1:2101:11143:3724,index1,100.00,33,0,0,14,46,1,33,1e-16,64.1
SL-NVX:H5HHKDRX3230608:H5HHKDRX3:1:2101:11153:29919,index1,100.00,33,0,0,11,43,1,33,1e-16,64.1
SL-NVX:H5HHKDRX3230608:H5HHKDRX3:1:2101:11153:3740,index1,100.00,33,0,0,14,46,1,33,1e-16,64.1
SL-NVX:H5HHKDRX3230608:H5HHKDRX3:1:2101:11153:6057,index1,100.00,33,0,0,17,49,1,33,1e-16,64.1
SL-NVX:H5HHKDRX3230608:H5HHKDRX3:1:2101:11162:33191,index1,100.00,33,0,0,10,42,1,33,1e-16,64.1
SL-NVX:H5HHKDRX3230608:H5HHKDRX3:1:2101:11189:29512,index1,100.00,33,0,0,13,45,1,33,1e-16,64.1
SL-NVX:H5HHKDRX3230608:H5HHKDRX3:1:2101:11207:3521,index1,100.00,33,0,0,14,46,1,33,1e-16,64.1
SL-NVX:H5HHKDRX3230608:H5HHKDRX3:1:2101:11216:12618,index1,100.00,33,0,0,13,45,1,33,1e-16,64.1
SL-NVX:H5HHKDRX3230608:H5HHKDRX3:1:2101:11234:28995,index1,100.00,33,0,0,13,45,1,33,1e-16,64.1
SL-NVX:H5HHKDRX3230608:H5HHKDRX3:1:2101:11243:3991,index1,100.00,33,0,0,14,46,1,33,1e-16,64.1
SL-NVX:H5HHKDRX3230608:H5HHKDRX3:1:2101:11252:31814,index1,100.00,16,0,0,35,50,1,16,7e-07,31.5
SL-NVX:H5HHKDRX3230608:H5HHKDRX3:1:2101:11288:3474,index1,100.00,33,0,0,11,43,1,33,1e-16,64.1
SL-NVX:H5HHKDRX3230608:H5HHKDRX3:1:2101:11288:4633,index1,100.00,33,0,0,13,45,1,33,1e-16,64.1
SL-NVX:H5HHKDRX3230608:H5HHKDRX3:1:2101:11306:11334,index1,100.00,18,0,0,32,49,1,18,5e-08,35.3
SL-NVX:H5HHKDRX3230608:H5HHKDRX3:1:2101:11315:20212,index1,100.00,33,0,0,10,42,1,33,1e-16,64.1
SL-NVX:H5HHKDRX3230608:H5HHKDRX3:1:2101:11324:21261,index1,100.00,22,0,0,23,44,12,33,3e-10,43.0
SL-NVX:H5HHKDRX3230608:H5HHKDRX3:1:2101:11324:21261,index1,100.00,10,0,0,13,22,1,10,0.002,19.9
SL-NVX:H5HHKDRX3230608:H5HHKDRX3:1:2101:11324:27680,index1,100.00,33,0,0,13,45,1,33,1e-16,64.1
SL-NVX:H5HHKDRX3230608:H5HHKDRX3:1:2101:11342:34225,index1,100.00,33,0,0,13,45,1,33,1e-16,64.1
SL-NVX:H5HHKDRX3230608:H5HHKDRX3:1:2101:11342:35070,index1,100.00,33,0,0,11,43,1,33,1e-16,64.1
SL-NVX:H5HHKDRX3230608:H5HHKDRX3:1:2101:11360:3004,index1,100.00,33,0,0,13,45,1,33,1e-16,64.1
SL-NVX:H5HHKDRX3230608:H5HHKDRX3:1:2101:11369:21245,index1,100.00,33,0,0,12,44,1,33,1e-16,64.1
SL-NVX:H5HHKDRX3230608:H5HHKDRX3:1:2101:11379:35008,index1,100.00,33,0,0,13,45,1,33,1e-16,64.1
SL-NVX:H5HHKDRX3230608:H5HHKDRX3:1:2101:11397:31594,index1,100.00,33,0,0,13,45,1,33,1e-16,64.1
SL-NVX:H5HHKDRX3230608:H5HHKDRX3:1:2101:11397:6950,index1,100.00,33,0,0,13,45,1,33,1e-16,64.1
SL-NVX:H5HHKDRX3230608:H5HHKDRX3:1:2101:11397:7701,index1,100.00,33,0,0,12,44,1,33,1e-16,64.1
SL-NVX:H5HHKDRX3230608:H5HHKDRX3:1:2101:11415:10363,index1,100.00,33,0,0,13,45,1,33,1e-16,64.1
SL-NVX:H5HHKDRX3230608:H5HHKDRX3:1:2101:11415:7921,index1,100.00,33,0,0,13,45,1,33,1e-16,64.1
SL-NVX:H5HHKDRX3230608:H5HHKDRX3:1:2101:11433:14090,index1,100.00,33,0,0,11,43,1,33,1e-16,64.1
SL-NVX:H5HHKDRX3230608:H5HHKDRX3:1:2101:11433:6825,index1,100.00,33,0,0,12,44,1,33,1e-16,64.1
SL-NVX:H5HHKDRX3230608:H5HHKDRX3:1:2101:11451:24455,index1,100.00,33,0,0,13,45,1,33,1e-16,64.1
SL-NVX:H5HHKDRX3230608:H5HHKDRX3:1:2101:11451:8015,index1,100.00,33,0,0,13,45,1,33,1e-16,64.1
SL-NVX:H5HHKDRX3230608:H5HHKDRX3:1:2101:11469:4633,index1,100.00,15,0,0,36,50,1,15,3e-06,29.5
SL-NVX:H5HHKDRX3230608:H5HHKDRX3:1:2101:11478:12633,index1,100.00,33,0,0,12,44,1,33,1e-16,64.1
SL-NVX:H5HHKDRX3230608:H5HHKDRX3:1:2101:11478:36589,index1,100.00,33,0,0,13,45,1,33,1e-16,64.1
SL-NVX:H5HHKDRX3230608:H5HHKDRX3:1:2101:11487:14215,index1,100.00,33,0,0,13,45,1,33,1e-16,64.1
SL-NVX:H5HHKDRX3230608:H5HHKDRX3:1:2101:11487:36229,index1,100.00,24,0,0,13,36,1,24,2e-11,46.8
SL-NVX:H5HHKDRX3230608:H5HHKDRX3:1:2101:11487:36229,index1,100.00,12,0,0,35,46,22,33,2e-04,23.8
SL-NVX:H5HHKDRX3230608:H5HHKDRX3:1:2101:11514:26944,index1,100.00,33,0,0,10,42,1,33,1e-16,64.1
SL-NVX:H5HHKDRX3230608:H5HHKDRX3:1:2101:11559:25739,index1,100.00,33,0,0,10,42,1,33,1e-16,64.1
SL-NVX:H5HHKDRX3230608:H5HHKDRX3:1:2101:11623:11569,index1,100.00,33,0,0,13,45,1,33,1e-16,64.1
SL-NVX:H5HHKDRX3230608:H5HHKDRX3:1:2101:11704:7921,index1,100.00,33,0,0,10,42,1,33,1e-16,64.1
SL-NVX:H5HHKDRX3230608:H5HHKDRX3:1:2101:11722:31688,index1,100.00,33,0,0,13,45,1,33,1e-16,64.1
SL-NVX:H5HHKDRX3230608:H5HHKDRX3:1:2101:11749:31266,index1,100.00,33,0,0,13,45,1,33,1e-16,64.1
SL-NVX:H5HHKDRX3230608:H5HHKDRX3:1:2101:11758:30655,index1,100.00,33,0,0,12,44,1,33,1e-16,64.1
SL-NVX:H5HHKDRX3230608:H5HHKDRX3:1:2101:11758:9925,index1,100.00,33,0,0,13,45,1,33,1e-16,64.1
SL-NVX:H5HHKDRX3230608:H5HHKDRX3:1:2101:11794:18380,index1,100.00,33,0,0,12,44,1,33,1e-16,64.1
SL-NVX:H5HHKDRX3230608:H5HHKDRX3:1:2101:11794:5008,index1,100.00,33,0,0,10,42,1,33,1e-16,64.1
SL-NVX:H5HHKDRX3230608:H5HHKDRX3:1:2101:11803:20337,index1,100.00,33,0,0,13,45,1,33,1e-16,64.1
SL-NVX:H5HHKDRX3230608:H5HHKDRX3:1:2101:11812:15280,index1,100.00,33,0,0,13,45,1,33,1e-16,64.1
SL-NVX:H5HHKDRX3230608:H5HHKDRX3:1:2101:11812:30467,index1,100.00,33,0,0,10,42,1,33,1e-16,64.1
SL-NVX:H5HHKDRX3230608:H5HHKDRX3:1:2101:11812:8891,index1,100.00,33,0,0,10,42,1,33,1e-16,64.1
SL-NVX:H5HHKDRX3230608:H5HHKDRX3:1:2101:11831:11146,index1,100.00,33,0,0,13,45,1,33,1e-16,64.1
SL-NVX:H5HHKDRX3230608:H5HHKDRX3:1:2101:11840:5995,index1,100.00,33,0,0,10,42,1,33,1e-16,64.1
SL-NVX:H5HHKDRX3230608:H5HHKDRX3:1:2101:11858:25347,index1,100.00,33,0,0,13,45,1,33,1e-16,64.1
SL-NVX:H5HHKDRX3230608:H5HHKDRX3:1:2101:11867:8328,index1,100.00,33,0,0,11,43,1,33,1e-16,64.1
SL-NVX:H5HHKDRX3230608:H5HHKDRX3:1:2101:11876:27508,index1,100.00,33,0,0,12,44,1,33,1e-16,64.1
SL-NVX:H5HHKDRX3230608:H5HHKDRX3:1:2101:11921:20635,index1,100.00,33,0,0,13,45,1,33,1e-16,64.1
SL-NVX:H5HHKDRX3230608:H5HHKDRX3:1:2101:11921:7733,index1,100.00,33,0,0,13,45,1,33,1e-16,64.1
SL-NVX:H5HHKDRX3230608:H5HHKDRX3:1:2101:11930:27038,index1,100.00,33,0,0,13,45,1,33,1e-16,64.1
SL-NVX:H5HHKDRX3230608:H5HHKDRX3:1:2101:11939:30373,index1,100.00,33,0,0,13,45,1,33,1e-16,64.1
SL-NVX:H5HHKDRX3230608:H5HHKDRX3:1:2101:11939:34788,index1,100.00,33,0,0,12,44,1,33,1e-16,64.1
SL-NVX:H5HHKDRX3230608:H5HHKDRX3:1:2101:11948:27038,index1,100.00,33,0,0,13,45,1,33,1e-16,64.1
SL-NVX:H5HHKDRX3230608:H5HHKDRX3:1:2101:12002:15107,index1,100.00,33,0,0,10,42,1,33,1e-16,64.1
SL-NVX:H5HHKDRX3230608:H5HHKDRX3:1:2101:12011:10614,index1,100.00,28,0,0,23,50,1,28,9e-14,54.5
SL-NVX:H5HHKDRX3230608:H5HHKDRX3:1:2101:12038:27602,index1,100.00,33,0,0,13,45,1,33,1e-16,64.1
SL-NVX:H5HHKDRX3230608:H5HHKDRX3:1:2101:12048:18975,index1,96.97,33,1,0,12,44,1,33,6e-15,58.4
SL-NVX:H5HHKDRX3230608:H5HHKDRX3:1:2101:12057:13448,index1,100.00,33,0,0,13,45,1,33,1e-16,64.1
SL-NVX:H5HHKDRX3230608:H5HHKDRX3:1:2101:12066:8390,index1,100.00,33,0,0,13,45,1,33,1e-16,64.1
SL-NVX:H5HHKDRX3230608:H5HHKDRX3:1:2101:12066:8453,index1,100.00,33,0,0,12,44,1,33,1e-16,64.1
SL-NVX:H5HHKDRX3230608:H5HHKDRX3:1:2101:12075:27101,index1,100.00,33,0,0,12,44,1,33,1e-16,64.1
SL-NVX:H5HHKDRX3230608:H5HHKDRX3:1:2101:12084:28338,index1,100.00,33,0,0,10,42,1,33,1e-16,64.1
SL-NVX:H5HHKDRX3230608:H5HHKDRX3:1:2101:12084:28933,index1,100.00,33,0,0,12,44,1,33,1e-16,64.1
SL-NVX:H5HHKDRX3230608:H5HHKDRX3:1:2101:12084:32471,index1,100.00,33,0,0,13,45,1,33,1e-16,64.1
SL-NVX:H5HHKDRX3230608:H5HHKDRX3:1:2101:12084:3286,index1,100.00,33,0,0,13,45,1,33,1e-16,64.1
SL-NVX:H5HHKDRX3230608:H5HHKDRX3:1:2101:12093:34961,index1,100.00,33,0,0,13,45,1,33,1e-16,64.1
SL-NVX:H5HHKDRX3230608:H5HHKDRX3:1:2101:12102:28745,index1,100.00,33,0,0,12,44,1,33,1e-16,64.1
SL-NVX:H5HHKDRX3230608:H5HHKDRX3:1:2101:12147:5212,index1,100.00,33,0,0,13,45,1,33,1e-16,64.1
SL-NVX:H5HHKDRX3230608:H5HHKDRX3:1:2101:12156:24205,index1,100.00,33,0,0,12,44,1,33,1e-16,64.1
SL-NVX:H5HHKDRX3230608:H5HHKDRX3:1:2101:12156:25801,index1,100.00,33,0,0,13,45,1,33,1e-16,64.1
SL-NVX:H5HHKDRX3230608:H5HHKDRX3:1:2101:12165:2237,index1,100.00,33,0,0,10,42,1,33,1e-16,64.1
SL-NVX:H5HHKDRX3230608:H5HHKDRX3:1:2101:12165:30890,index1,100.00,33,0,0,13,45,1,33,1e-16,64.1
SL-NVX:H5HHKDRX3230608:H5HHKDRX3:1:2101:12174:31501,index1,100.00,33,0,0,12,44,1,33,1e-16,64.1
SL-NVX:H5HHKDRX3230608:H5HHKDRX3:1:2101:12174:31563,index1,100.00,33,0,0,10,42,1,33,1e-16,64.1
SL-NVX:H5HHKDRX3230608:H5HHKDRX3:1:2101:12183:24001,index1,100.00,33,0,0,11,43,1,33,1e-16,64.1
SL-NVX:H5HHKDRX3230608:H5HHKDRX3:1:2101:12201:21339,index1,100.00,33,0,0,10,42,1,33,1e-16,64.1
SL-NVX:H5HHKDRX3230608:H5HHKDRX3:1:2101:12210:32816,index1,100.00,33,0,0,10,42,1,33,1e-16,64.1
SL-NVX:H5HHKDRX3230608:H5HHKDRX3:1:2101:12228:29747,index1,100.00,33,0,0,13,45,1,33,1e-16,64.1
SL-NVX:H5HHKDRX3230608:H5HHKDRX3:1:2101:12237:11537,index1,100.00,33,0,0,13,45,1,33,1e-16,64.1
SL-NVX:H5HHKDRX3230608:H5HHKDRX3:1:2101:12237:1454,index1,100.00,33,0,0,13,45,1,33,1e-16,64.1
SL-NVX:H5HHKDRX3230608:H5HHKDRX3:1:2101:12237:15170,index1,100.00,33,0,0,11,43,1,33,1e-16,64.1
SL-NVX:H5HHKDRX3230608:H5HHKDRX3:1:2101:12237:25034,index1,100.00,33,0,0,11,43,1,33,1e-16,64.1
SL-NVX:H5HHKDRX3230608:H5HHKDRX3:1:2101:12264:4664,index1,100.00,33,0,0,12,44,1,33,1e-16,64.1
SL-NVX:H5HHKDRX3230608:H5HHKDRX3:1:2101:12292:1517,index1,100.00,33,0,0,13,45,1,33,1e-16,64.1
SL-NVX:H5HHKDRX3230608:H5HHKDRX3:1:2101:12301:16313,index1,100.00,33,0,0,10,42,1,33,1e-16,64.1
SL-NVX:H5HHKDRX3230608:H5HHKDRX3:1:2101:12301:27774,index1,100.00,33,0,0,10,42,1,33,1e-16,64.1
SL-NVX:H5HHKDRX3230608:H5HHKDRX3:1:2101:12310:14669,index1,100.00,33,0,0,13,45,1,33,1e-16,64.1
SL-NVX:H5HHKDRX3230608:H5HHKDRX3:1:2101:12310:14732,index1,100.00,33,0,0,13,45,1,33,1e-16,64.1
SL-NVX:H5HHKDRX3230608:H5HHKDRX3:1:2101:12319:26083,index1,100.00,33,0,0,13,45,1,33,1e-16,64.1
SL-NVX:H5HHKDRX3230608:H5HHKDRX3:1:2101:12328:4993,index1,100.00,33,0,0,13,45,1,33,1e-16,64.1
SL-NVX:H5HHKDRX3230608:H5HHKDRX3:1:2101:12337:4257,index1,100.00,21,0,0,12,32,1,21,9e-10,41.1
SL-NVX:H5HHKDRX3230608:H5HHKDRX3:1:2101:12346:24815,index1,100.00,33,0,0,10,42,1,33,1e-16,64.1
SL-NVX:H5HHKDRX3230608:H5HHKDRX3:1:2101:12355:26490,index1,100.00,33,0,0,13,45,1,33,1e-16,64.1
SL-NVX:H5HHKDRX3230608:H5HHKDRX3:1:2101:12364:15170,index1,100.00,33,0,0,12,44,1,33,1e-16,64.1
SL-NVX:H5HHKDRX3230608:H5HHKDRX3:1:2101:12373:19727,index1,100.00,33,0,0,13,45,1,33,1e-16,64.1
SL-NVX:H5HHKDRX3230608:H5HHKDRX3:1:2101:12382:3771,index1,100.00,33,0,0,13,45,1,33,1e-16,64.1
SL-NVX:H5HHKDRX3230608:H5HHKDRX3:1:2101:12427:16564,index1,100.00,33,0,0,13,45,1,33,1e-16,64.1
SL-NVX:H5HHKDRX3230608:H5HHKDRX3:1:2101:12445:25864,index1,100.00,33,0,0,10,42,1,33,1e-16,64.1
SL-NVX:H5HHKDRX3230608:H5HHKDRX3:1:2101:1244:34522,index1,100.00,33,0,0,13,45,1,33,1e-16,64.1
SL-NVX:H5HHKDRX3230608:H5HHKDRX3:1:2101:12463:35102,index1,100.00,33,0,0,13,45,1,33,1e-16,64.1
SL-NVX:H5HHKDRX3230608:H5HHKDRX3:1:2101:12472:14700,index1,100.00,33,0,0,13,45,1,33,1e-16,64.1
SL-NVX:H5HHKDRX3230608:H5HHKDRX3:1:2101:12472:36119,index1,100.00,33,0,0,10,42,1,33,1e-16,64.1
SL-NVX:H5HHKDRX3230608:H5HHKDRX3:1:2101:12472:6339,index1,100.00,33,0,0,10,42,1,33,1e-16,64.1
SL-NVX:H5HHKDRX3230608:H5HHKDRX3:1:2101:12500:15499,index1,100.00,33,0,0,10,42,1,33,1e-16,64.1
SL-NVX:H5HHKDRX3230608:H5HHKDRX3:1:2101:12500:5697,index1,100.00,33,0,0,13,45,1,33,1e-16,64.1
SL-NVX:H5HHKDRX3230608:H5HHKDRX3:1:2101:12527:32894,index1,100.00,33,0,0,13,45,1,33,1e-16,64.1
SL-NVX:H5HHKDRX3230608:H5HHKDRX3:1:2101:12527:33395,index1,100.00,33,0,0,12,44,1,33,1e-16,64.1
SL-NVX:H5HHKDRX3230608:H5HHKDRX3:1:2101:12554:25269,index1,100.00,33,0,0,10,42,1,33,1e-16,64.1
SL-NVX:H5HHKDRX3230608:H5HHKDRX3:1:2101:12572:31281,index1,100.00,33,0,0,14,46,1,33,1e-16,64.1
SL-NVX:H5HHKDRX3230608:H5HHKDRX3:1:2101:12590:36730,index1,100.00,33,0,0,13,45,1,33,1e-16,64.1
SL-NVX:H5HHKDRX3230608:H5HHKDRX3:1:2101:12599:28479,index1,100.00,33,0,0,10,42,1,33,1e-16,64.1
SL-NVX:H5HHKDRX3230608:H5HHKDRX3:1:2101:12626:30749,index1,100.00,33,0,0,12,44,1,33,1e-16,64.1
SL-NVX:H5HHKDRX3230608:H5HHKDRX3:1:2101:12635:3959,index1,100.00,33,0,0,10,42,1,33,1e-16,64.1
SL-NVX:H5HHKDRX3230608:H5HHKDRX3:1:2101:12635:5274,index1,100.00,33,0,0,13,45,1,33,1e-16,64.1
SL-NVX:H5HHKDRX3230608:H5HHKDRX3:1:2101:12644:17879,index1,100.00,33,0,0,12,44,1,33,1e-16,64.1
SL-NVX:H5HHKDRX3230608:H5HHKDRX3:1:2101:12653:15828,index1,100.00,33,0,0,12,44,1,33,1e-16,64.1
SL-NVX:H5HHKDRX3230608:H5HHKDRX3:1:2101:12662:27962,index1,100.00,33,0,0,10,42,1,33,1e-16,64.1
SL-NVX:H5HHKDRX3230608:H5HHKDRX3:1:2101:12689:9846,index1,100.00,33,0,0,10,42,1,33,1e-16,64.1
SL-NVX:H5HHKDRX3230608:H5HHKDRX3:1:2101:12698:8328,index1,100.00,30,0,0,10,39,1,30,6e-15,58.4
SL-NVX:H5HHKDRX3230608:H5HHKDRX3:1:2101:12698:9518,index1,100.00,33,0,0,10,42,1,33,1e-16,64.1
SL-NVX:H5HHKDRX3230608:H5HHKDRX3:1:2101:12707:14732,index1,100.00,33,0,0,11,43,1,33,1e-16,64.1
SL-NVX:H5HHKDRX3230608:H5HHKDRX3:1:2101:12707:27320,index1,100.00,33,0,0,10,42,1,33,1e-16,64.1
SL-NVX:H5HHKDRX3230608:H5HHKDRX3:1:2101:1271:5040,index1,100.00,33,0,0,13,45,1,33,1e-16,64.1
SL-NVX:H5HHKDRX3230608:H5HHKDRX3:1:2101:12753:9079,index1,100.00,29,0,0,19,47,1,29,2e-14,56.4
SL-NVX:H5HHKDRX3230608:H5HHKDRX3:1:2101:12762:7498,index1,100.00,33,0,0,10,42,1,33,1e-16,64.1
SL-NVX:H5HHKDRX3230608:H5HHKDRX3:1:2101:12771:18411,index1,100.00,33,0,0,12,44,1,33,1e-16,64.1
SL-NVX:H5HHKDRX3230608:H5HHKDRX3:1:2101:12807:35822,index1,100.00,33,0,0,13,45,1,33,1e-16,64.1
SL-NVX:H5HHKDRX3230608:H5HHKDRX3:1:2101:1280:28416,index1,100.00,33,0,0,13,45,1,33,1e-16,64.1
SL-NVX:H5HHKDRX3230608:H5HHKDRX3:1:2101:1280:31798,index1,100.00,33,0,0,13,45,1,33,1e-16,64.1
SL-NVX:H5HHKDRX3230608:H5HHKDRX3:1:2101:12852:31297,index1,100.00,33,0,0,10,42,1,33,1e-16,64.1
SL-NVX:H5HHKDRX3230608:H5HHKDRX3:1:2101:12852:3176,index1,100.00,33,0,0,12,44,1,33,1e-16,64.1
SL-NVX:H5HHKDRX3230608:H5HHKDRX3:1:2101:12861:11835,index1,100.00,33,0,0,10,42,1,33,1e-16,64.1
SL-NVX:H5HHKDRX3230608:H5HHKDRX3:1:2101:12870:11913,index1,100.00,33,0,0,10,42,1,33,1e-16,64.1
SL-NVX:H5HHKDRX3230608:H5HHKDRX3:1:2101:12870:23500,index1,100.00,33,0,0,12,44,1,33,1e-16,64.1
SL-NVX:H5HHKDRX3230608:H5HHKDRX3:1:2101:12879:24486,index1,100.00,33,0,0,13,45,1,33,1e-16,64.1
SL-NVX:H5HHKDRX3230608:H5HHKDRX3:1:2101:12897:13557,index1,100.00,33,0,0,12,44,1,33,1e-16,64.1
SL-NVX:H5HHKDRX3230608:H5HHKDRX3:1:2101:12897:21449,index1,100.00,33,0,0,13,45,1,33,1e-16,64.1
SL-NVX:H5HHKDRX3230608:H5HHKDRX3:1:2101:12897:4006,index1,100.00,33,0,0,13,45,1,33,1e-16,64.1
SL-NVX:H5HHKDRX3230608:H5HHKDRX3:1:2101:1289:6136,index1,100.00,31,0,0,13,43,1,31,2e-15,60.3
SL-NVX:H5HHKDRX3230608:H5HHKDRX3:1:2101:12906:20619,index1,93.75,32,2,0,10,41,1,32,1e-12,50.7
SL-NVX:H5HHKDRX3230608:H5HHKDRX3:1:2101:12915:17942,index1,100.00,33,0,0,13,45,1,33,1e-16,64.1
SL-NVX:H5HHKDRX3230608:H5HHKDRX3:1:2101:12943:1047,index1,100.00,33,0,0,10,42,1,33,1e-16,64.1
SL-NVX:H5HHKDRX3230608:H5HHKDRX3:1:2101:12961:31986,index1,100.00,33,0,0,10,42,1,33,1e-16,64.1
SL-NVX:H5HHKDRX3230608:H5HHKDRX3:1:2101:12961:3834,index1,100.00,33,0,0,10,42,1,33,1e-16,64.1
SL-NVX:H5HHKDRX3230608:H5HHKDRX3:1:2101:12961:5368,index1,100.00,33,0,0,13,45,1,33,1e-16,64.1
SL-NVX:H5HHKDRX3230608:H5HHKDRX3:1:2101:12979:30201,index1,100.00,33,0,0,10,42,1,33,1e-16,64.1
SL-NVX:H5HHKDRX3230608:H5HHKDRX3:1:2101:12979:6746,index1,100.00,33,0,0,10,42,1,33,1e-16,64.1
SL-NVX:H5HHKDRX3230608:H5HHKDRX3:1:2101:12988:33129,index1,100.00,33,0,0,13,45,1,33,1e-16,64.1
SL-NVX:H5HHKDRX3230608:H5HHKDRX3:1:2101:12988:6543,index1,100.00,33,0,0,13,45,1,33,1e-16,64.1
SL-NVX:H5HHKDRX3230608:H5HHKDRX3:1:2101:1298:17143,index1,100.00,33,0,0,13,45,1,33,1e-16,64.1
SL-NVX:H5HHKDRX3230608:H5HHKDRX3:1:2101:13024:1219,index1,100.00,33,0,0,10,42,1,33,1e-16,64.1
SL-NVX:H5HHKDRX3230608:H5HHKDRX3:1:2101:13024:27524,index1,100.00,24,0,0,27,50,1,24,2e-11,46.8
SL-NVX:H5HHKDRX3230608:H5HHKDRX3:1:2101:13024:6010,index1,100.00,33,0,0,13,45,1,33,1e-16,64.1
SL-NVX:H5HHKDRX3230608:H5HHKDRX3:1:2101:13033:1924,index1,100.00,33,0,0,13,45,1,33,1e-16,64.1
SL-NVX:H5HHKDRX3230608:H5HHKDRX3:1:2101:13033:34867,index1,100.00,33,0,0,10,42,1,33,1e-16,64.1
SL-NVX:H5HHKDRX3230608:H5HHKDRX3:1:2101:13078:12430,index1,100.00,33,0,0,13,45,1,33,1e-16,64.1
SL-NVX:H5HHKDRX3230608:H5HHKDRX3:1:2101:13078:15843,index1,100.00,33,0,0,10,42,1,33,1e-16,64.1
SL-NVX:H5HHKDRX3230608:H5HHKDRX3:1:2101:13078:21324,index1,100.00,33,0,0,13,45,1,33,1e-16,64.1
SL-NVX:H5HHKDRX3230608:H5HHKDRX3:1:2101:13078:28682,index1,100.00,33,0,0,13,45,1,33,1e-16,64.1
SL-NVX:H5HHKDRX3230608:H5HHKDRX3:1:2101:1307:12931,index1,100.00,33,0,0,13,45,1,33,1e-16,64.1
SL-NVX:H5HHKDRX3230608:H5HHKDRX3:1:2101:13087:12665,index1,100.00,33,0,0,13,45,1,33,1e-16,64.1
SL-NVX:H5HHKDRX3230608:H5HHKDRX3:1:2101:13105:1548,index1,100.00,33,0,0,10,42,1,33,1e-16,64.1
SL-NVX:H5HHKDRX3230608:H5HHKDRX3:1:2101:13105:15483,index1,100.00,33,0,0,13,45,1,33,1e-16,64.1
SL-NVX:H5HHKDRX3230608:H5HHKDRX3:1:2101:13105:19241,index1,100.00,33,0,0,10,42,1,33,1e-16,64.1
SL-NVX:H5HHKDRX3230608:H5HHKDRX3:1:2101:13114:29966,index1,100.00,33,0,0,10,42,1,33,1e-16,64.1
SL-NVX:H5HHKDRX3230608:H5HHKDRX3:1:2101:13114:6762,index1,100.00,33,0,0,12,44,1,33,1e-16,64.1
SL-NVX:H5HHKDRX3230608:H5HHKDRX3:1:2101:13123:3865,index1,100.00,33,0,0,12,44,1,33,1e-16,64.1
SL-NVX:H5HHKDRX3230608:H5HHKDRX3:1:2101:13132:28181,index1,100.00,33,0,0,13,45,1,33,1e-16,64.1
SL-NVX:H5HHKDRX3230608:H5HHKDRX3:1:2101:13141:24846,index1,100.00,33,0,0,12,44,1,33,1e-16,64.1
SL-NVX:H5HHKDRX3230608:H5HHKDRX3:1:2101:13160:13135,index1,100.00,33,0,0,10,42,1,33,1e-16,64.1
SL-NVX:H5HHKDRX3230608:H5HHKDRX3:1:2101:13160:20431,index1,100.00,33,0,0,12,44,1,33,1e-16,64.1
SL-NVX:H5HHKDRX3230608:H5HHKDRX3:1:2101:13160:3051,index1,100.00,33,0,0,10,42,1,33,1e-16,64.1
SL-NVX:H5HHKDRX3230608:H5HHKDRX3:1:2101:13196:21559,index1,100.00,33,0,0,12,44,1,33,1e-16,64.1
SL-NVX:H5HHKDRX3230608:H5HHKDRX3:1:2101:13205:14403,index1,100.00,33,0,0,13,45,1,33,1e-16,64.1
SL-NVX:H5HHKDRX3230608:H5HHKDRX3:1:2101:13205:4507,index1,100.00,33,0,0,13,45,1,33,1e-16,64.1
SL-NVX:H5HHKDRX3230608:H5HHKDRX3:1:2101:13205:6731,index1,100.00,33,0,0,13,45,1,33,1e-16,64.1
SL-NVX:H5HHKDRX3230608:H5HHKDRX3:1:2101:13214:17331,index1,100.00,33,0,0,13,45,1,33,1e-16,64.1
SL-NVX:H5HHKDRX3230608:H5HHKDRX3:1:2101:13223:26616,index1,100.00,33,0,0,13,45,1,33,1e-16,64.1
SL-NVX:H5HHKDRX3230608:H5HHKDRX3:1:2101:13232:26537,index1,100.00,33,0,0,13,45,1,33,1e-16,64.1
SL-NVX:H5HHKDRX3230608:H5HHKDRX3:1:2101:13241:1344,index1,100.00,33,0,0,13,45,1,33,1e-16,64.1
SL-NVX:H5HHKDRX3230608:H5HHKDRX3:1:2101:13241:15468,index1,100.00,33,0,0,10,42,1,33,1e-16,64.1
SL-NVX:H5HHKDRX3230608:H5HHKDRX3:1:2101:13241:8046,index1,100.00,33,0,0,13,45,1,33,1e-16,64.1
SL-NVX:H5HHKDRX3230608:H5HHKDRX3:1:2101:13250:15295,index1,100.00,33,0,0,13,45,1,33,1e-16,64.1
SL-NVX:H5HHKDRX3230608:H5HHKDRX3:1:2101:13250:36683,index1,100.00,33,0,0,13,45,1,33,1e-16,64.1
SL-NVX:H5HHKDRX3230608:H5HHKDRX3:1:2101:13250:5995,index1,100.00,33,0,0,13,45,1,33,1e-16,64.1
SL-NVX:H5HHKDRX3230608:H5HHKDRX3:1:2101:13259:2221,index1,100.00,16,0,0,10,25,1,16,7e-07,31.5
SL-NVX:H5HHKDRX3230608:H5HHKDRX3:1:2101:13259:2221,index1,100.00,13,0,0,35,47,1,13,4e-05,25.7
SL-NVX:H5HHKDRX3230608:H5HHKDRX3:1:2101:13259:2848,index1,96.97,33,1,0,13,45,1,33,6e-15,58.4
SL-NVX:H5HHKDRX3230608:H5HHKDRX3:1:2101:1325:27524,index1,100.00,33,0,0,13,45,1,33,1e-16,64.1
SL-NVX:H5HHKDRX3230608:H5HHKDRX3:1:2101:13268:20682,index1,100.00,33,0,0,10,42,1,33,1e-16,64.1
SL-NVX:H5HHKDRX3230608:H5HHKDRX3:1:2101:13277:36699,index1,100.00,33,0,0,12,44,1,33,1e-16,64.1
SL-NVX:H5HHKDRX3230608:H5HHKDRX3:1:2101:13286:27132,index1,100.00,33,0,0,12,44,1,33,1e-16,64.1
SL-NVX:H5HHKDRX3230608:H5HHKDRX3:1:2101:13313:15781,index1,100.00,33,0,0,13,45,1,33,1e-16,64.1
SL-NVX:H5HHKDRX3230608:H5HHKDRX3:1:2101:13322:11569,index1,100.00,33,0,0,13,45,1,33,1e-16,64.1
SL-NVX:H5HHKDRX3230608:H5HHKDRX3:1:2101:13331:4006,index1,100.00,33,0,0,12,44,1,33,1e-16,64.1
SL-NVX:H5HHKDRX3230608:H5HHKDRX3:1:2101:13340:8876,index1,100.00,33,0,0,13,45,1,33,1e-16,64.1
SL-NVX:H5HHKDRX3230608:H5HHKDRX3:1:2101:13358:12070,index1,100.00,33,0,0,10,42,1,33,1e-16,64.1
SL-NVX:H5HHKDRX3230608:H5HHKDRX3:1:2101:13358:15953,index1,100.00,33,0,0,13,45,1,33,1e-16,64.1
SL-NVX:H5HHKDRX3230608:H5HHKDRX3:1:2101:13386:15655,index1,100.00,33,0,0,13,45,1,33,1e-16,64.1
